,1,2,3,4,5,6,7,8,9,10,11,12,13,14,15,16,17,18,19,20,21,22,23,24,25,26,27,28,29,30,31,32,33,34,35,36,37,38,39,40,41,42,43,44,45,46,47,48,49,50,51,52,53,54,55,56,57,58,59,60,61,62,63,64,65,66,67,68,69,70,71,72,73,74,75,76,77,78,79,80,81,82,83,84,85,86,87,88,89,90,91,92,93,94,95,96,97,98,99,100,101,102,103,104,105,106,107,108,109,110,111,112,113,114,115,116,117,118,119,120,121,122,123,124,125,126,127,128,129
1,0.00,1.10,1.61,3.97,16.42,18.01,11.96,20.89,5.94,18.41,5.94,9.53,15.56,16.74,13.24,10.84,18.04,13.17,19.56,16.23,10.21,13.94,13.74,13.57,15.81,11.59,10.55,12.43,17.16,16.61,11.07,15.85,18.69,12.24,18.68,13.29,12.40,12.45,12.41,12.78,17.25,19.99,18.01,15.13,14.83,14.35,13.93,18.76,15.71,17.39,20.96,19.32,16.10,17.48,16.31,15.40,16.15,16.34,21.62,16.93,24.21,17.10,20.01,19.42,21.72,22.50,19.25,23.29,20.32,22.77,22.16,21.19,21.60,26.35,21.99,20.39,23.44,22.35,23.37,24.57,27.26,25.12,26.40,42.43,8.19,5.95,3.36,6.34,11.89,18.73,11.54,6.99,11.84,6.28,22.45,9.96,15.58,15.32,9.02,16.31,16.31,16.29,14.70,16.15,20.01,19.23,15.88,15.54,16.77,14.60,14.39,17.73,20.62,17.37,15.80,17.97,16.43,17.99,20.55,16.59,18.32,21.32,22.61,24.19,22.22,24.33,22.93,24.29,43.28
2,1.12,0.00,1.20,3.56,16.01,17.60,11.55,20.48,4.87,18.00,4.87,9.11,15.14,16.33,12.82,10.43,17.63,12.76,19.14,15.82,8.92,13.53,13.33,13.16,15.40,11.18,10.14,12.02,16.75,16.20,10.65,15.44,18.28,11.83,18.27,12.88,11.99,12.04,11.99,12.37,16.84,19.57,17.60,14.72,14.42,13.06,12.65,18.35,15.30,16.98,20.55,18.91,14.82,16.19,15.03,14.12,14.86,15.05,21.21,15.64,23.80,15.81,19.60,18.13,21.31,22.09,17.96,22.01,19.04,22.36,20.88,19.90,20.32,25.94,20.71,19.10,23.02,21.07,22.96,24.16,26.85,23.83,25.11,42.02,7.78,4.85,2.27,5.93,11.48,18.31,11.12,6.58,11.43,5.87,22.04,9.54,15.17,14.91,8.61,15.89,15.90,15.88,14.29,15.74,19.60,18.81,15.47,15.12,16.36,13.31,13.11,17.32,15.67,16.09,14.52,17.56,15.14,16.71,20.14,15.30,17.04,20.91,22.20,23.78,20.94,23.04,22.52,23.01,42.87
3,1.52,1.11,0.00,3.30,16.27,17.85,11.80,20.73,5.28,18.26,5.29,10.15,15.40,16.59,13.08,11.47,17.89,13.01,19.40,16.08,9.53,13.79,13.59,13.42,15.65,12.21,11.19,13.05,17.00,16.45,11.70,15.69,18.53,12.87,18.53,12.61,13.04,13.09,13.04,13.42,17.09,19.83,17.85,15.77,15.47,13.67,13.25,18.60,16.35,18.03,21.60,19.96,15.42,17.58,15.63,14.72,15.47,15.66,22.26,16.25,24.85,16.41,19.33,18.74,22.36,23.14,18.57,22.61,19.64,23.41,21.48,20.51,20.92,26.99,21.31,19.71,22.75,21.67,22.69,23.89,26.58,24.43,25.72,43.07,7.35,5.96,3.38,5.50,11.73,18.57,11.38,6.31,11.68,5.60,22.29,10.58,15.42,15.16,9.66,16.15,16.16,16.13,14.02,17.37,19.85,19.07,16.51,16.17,17.40,13.92,13.71,18.37,19.94,17.47,15.12,17.29,15.74,17.31,21.18,15.91,17.64,20.64,21.93,23.51,21.54,23.64,22.25,23.61,43.92
4,3.99,3.59,3.30,0.00,13.06,14.65,8.60,17.53,2.66,15.05,2.67,6.16,12.19,13.38,9.87,7.48,14.68,9.81,16.19,12.87,6.85,10.58,10.38,10.21,12.45,8.23,7.19,9.07,13.80,13.25,7.70,12.49,15.33,8.88,15.32,9.93,9.04,9.09,9.04,9.42,13.89,16.62,14.65,11.77,11.47,10.99,10.57,15.40,12.35,14.03,17.60,15.96,12.74,14.11,12.95,12.04,12.78,12.98,18.26,13.57,20.85,13.73,16.65,16.06,18.36,19.14,15.89,19.93,16.96,19.41,18.80,17.83,18.24,22.99,18.63,17.03,20.07,18.99,20.01,21.21,23.90,21.75,23.04,39.07,10.64,8.45,5.86,5.30,8.53,15.36,8.17,3.63,8.48,2.92,19.09,6.59,12.22,11.96,5.66,12.94,12.95,12.93,11.34,12.79,16.65,15.86,12.52,12.17,13.41,11.23,11.03,14.37,17.26,14.01,12.44,14.61,13.06,14.63,17.19,13.23,14.96,17.96,19.25,20.83,18.86,20.96,19.57,20.93,39.92
5,16.14,15.74,15.45,12.79,0.00,9.83,4.76,12.62,14.78,9.00,14.77,7.80,7.02,8.47,5.08,7.53,9.77,5.90,11.29,8.16,10.74,7.62,6.73,7.26,7.74,7.88,9.82,7.74,9.08,8.54,9.02,7.82,10.62,8.84,10.61,21.38,10.26,9.63,9.58,10.36,9.18,11.91,9.94,9.70,12.02,11.31,11.77,10.69,11.52,11.13,14.70,13.06,13.06,12.36,14.77,13.25,14.61,14.18,15.35,13.89,17.94,14.94,21.38,17.88,15.46,16.24,16.21,16.36,17.28,16.51,18.92,18.15,18.56,20.08,20.45,18.85,22.77,19.31,26.24,21.65,26.28,23.06,24.34,36.17,19.35,20.47,18.01,11.65,8.02,10.54,6.35,12.30,6.05,11.39,14.18,7.43,7.31,7.07,9.79,8.03,8.24,8.21,17.68,9.50,11.94,11.15,10.07,14.88,10.50,12.44,13.17,11.46,16.53,11.49,12.76,26.06,14.27,13.86,14.28,14.43,16.16,21.37,24.83,28.25,19.18,18.62,22.14,18.58,37.02
6,18.54,18.13,17.84,15.19,10.19,0.00,8.08,4.46,17.17,1.41,17.13,10.20,3.57,3.63,6.58,9.24,3.62,7.14,5.14,5.43,13.32,8.71,7.09,7.97,5.90,9.41,11.90,8.53,5.59,6.32,10.56,7.05,5.28,9.63,6.09,20.72,10.99,10.13,10.32,11.09,8.06,7.10,8.21,10.06,12.38,11.67,12.51,8.70,11.88,11.49,8.77,9.87,13.42,12.72,15.51,13.98,15.34,14.91,10.93,14.24,14.34,15.61,22.11,18.61,12.28,16.74,16.57,13.18,17.64,13.33,15.75,18.50,23.38,17.63,21.19,19.58,23.51,22.55,26.98,22.39,27.01,22.10,23.39,35.22,21.74,22.86,20.40,14.04,12.71,0.38,9.66,12.54,8.14,13.23,7.82,9.31,4.51,5.34,12.52,5.16,6.28,7.10,20.01,8.36,7.09,8.64,10.43,17.51,10.86,13.17,13.91,11.82,17.26,11.85,13.12,26.71,15.00,14.22,11.11,15.16,17.59,22.11,25.57,28.98,22.66,18.95,22.87,19.55,36.07
7,11.90,11.50,11.20,8.55,4.77,7.68,0.00,10.47,10.53,6.85,10.53,3.56,4.87,6.32,2.93,5.06,7.62,3.75,9.13,6.01,8.80,5.70,4.58,5.33,5.58,5.95,7.77,5.81,6.93,6.38,7.10,5.67,8.47,6.91,8.46,17.13,8.33,7.70,7.66,8.43,7.02,9.76,7.79,7.55,9.87,9.37,9.85,8.54,9.37,8.98,12.54,10.91,11.12,10.21,12.85,11.32,12.69,12.26,13.20,11.95,15.79,13.01,19.46,15.96,13.31,14.09,14.27,14.21,15.34,14.35,17.18,16.21,16.62,17.93,18.53,16.93,20.85,17.37,24.32,19.73,24.35,20.90,22.19,34.02,15.11,16.22,13.76,7.40,3.25,8.39,3.29,8.06,3.60,8.22,12.03,4.30,5.16,4.92,9.16,5.88,6.09,6.06,15.73,7.35,9.79,9.00,7.92,12.93,8.35,10.51,11.25,9.31,14.61,9.34,10.82,21.81,12.34,11.71,12.13,12.51,14.24,19.45,22.91,26.32,17.24,16.46,20.22,16.43,34.87
8,20.23,19.83,19.54,16.88,11.97,4.55,9.86,0.00,18.86,3.48,18.30,11.89,5.72,4.80,7.76,10.42,4.46,8.31,2.98,6.60,14.50,9.89,8.27,9.14,7.07,10.59,13.08,9.71,6.50,7.50,11.73,8.22,5.35,10.81,6.20,21.90,12.17,11.31,11.49,12.27,9.23,7.21,8.33,11.24,13.56,12.84,13.68,8.82,13.06,13.60,9.90,11.00,14.60,13.90,16.68,15.15,16.52,16.09,12.73,15.42,10.81,16.78,23.29,19.79,14.35,13.22,17.74,18.21,19.44,17.11,17.67,22.53,19.86,14.10,22.36,20.76,24.68,19.03,28.15,23.56,31.43,18.58,19.86,31.69,23.44,24.55,22.10,15.74,15.53,4.20,11.45,15.63,9.84,14.92,4.30,11.00,5.68,6.51,13.70,6.34,7.45,8.27,21.19,9.53,7.21,8.75,11.61,18.69,12.04,14.35,15.08,9.73,18.44,13.03,14.29,27.88,16.17,15.40,13.17,16.34,18.76,23.28,26.74,30.15,19.14,15.42,24.05,16.02,32.54
9,6.90,5.80,6.22,3.59,15.82,17.41,11.36,20.29,0.00,17.81,1.70,7.78,14.96,16.14,12.64,9.10,17.44,12.57,18.96,14.44,6.30,11.03,13.14,11.03,14.01,9.35,7.06,10.68,15.36,14.78,8.41,13.81,16.89,9.59,16.89,8.99,9.34,9.39,9.35,9.25,14.14,18.19,14.92,12.48,11.72,10.44,10.03,15.82,12.26,14.74,18.31,16.67,12.20,13.57,12.40,11.50,12.24,12.43,18.97,13.02,21.56,13.19,15.71,15.51,19.07,19.85,15.34,19.38,16.41,20.18,18.25,17.28,17.70,23.70,18.09,16.48,19.14,18.45,19.07,20.28,22.96,21.21,22.49,39.78,13.56,10.20,7.62,8.06,11.29,18.13,9.33,5.24,9.59,4.53,21.85,8.21,14.98,13.52,7.28,15.71,14.52,14.49,10.40,13.50,18.21,17.76,13.23,15.00,14.11,10.69,10.49,15.08,16.32,13.46,11.89,13.68,12.52,14.09,17.89,12.68,14.41,17.02,18.32,19.89,18.31,20.42,18.63,20.38,40.63
10,16.72,16.32,16.02,13.37,8.46,1.41,6.35,3.52,15.35,0.00,15.35,8.38,2.75,2.22,5.18,7.43,2.22,5.73,3.74,3.71,11.60,7.00,5.37,6.25,4.18,7.69,10.18,6.81,4.19,4.92,8.84,5.33,3.88,7.91,4.68,19.01,9.27,8.41,8.60,9.37,6.65,5.69,6.81,8.34,10.66,9.95,10.79,7.30,10.16,9.77,7.36,8.46,11.70,11.00,13.79,12.26,13.62,13.20,9.53,12.53,11.88,13.89,20.40,16.90,10.87,11.66,14.85,11.78,15.92,11.92,14.34,16.79,17.20,15.17,19.47,17.87,21.79,15.21,25.26,20.67,25.29,19.65,20.93,32.76,19.93,21.04,18.58,12.22,10.89,1.68,7.93,10.72,6.32,11.41,5.64,7.49,2.56,3.62,10.80,3.76,4.56,5.69,18.29,6.95,5.69,7.23,8.71,15.79,9.14,11.45,12.19,10.10,15.55,10.13,11.40,24.99,13.28,12.50,9.70,13.44,15.87,20.39,23.85,27.26,15.18,16.49,21.16,14.00,33.61
11,5.98,4.87,5.29,2.66,14.88,16.47,10.42,18.42,1.68,15.95,0.00,6.83,14.08,14.28,11.69,7.47,15.58,10.17,17.09,13.08,4.60,9.60,10.47,9.60,12.65,7.65,5.35,9.25,14.00,13.42,6.71,12.10,15.54,7.88,15.53,8.56,7.64,7.69,7.64,7.55,12.43,16.83,13.22,10.78,10.02,8.74,8.32,14.12,10.55,13.04,16.60,14.96,10.49,11.86,10.70,9.79,10.54,10.73,17.26,11.32,19.85,11.48,15.28,13.81,17.37,18.15,13.64,17.68,14.71,18.48,16.55,15.58,15.99,21.99,16.38,14.78,18.70,16.74,18.64,17.58,22.20,19.50,20.79,38.08,12.63,9.28,6.69,7.12,10.34,17.19,7.70,4.29,7.96,3.59,19.99,6.58,13.15,12.17,5.59,13.11,13.16,13.13,9.97,11.79,16.86,16.06,11.52,10.34,12.41,8.98,8.78,13.37,11.34,11.76,10.19,13.24,10.81,12.38,16.19,10.98,12.71,16.59,17.88,19.46,16.61,18.71,18.20,18.68,38.93
12,9.33,8.93,8.64,5.98,8.02,9.60,3.55,12.48,6.70,10.01,6.69,0.00,7.15,8.34,4.83,1.67,9.64,4.76,11.15,7.83,5.48,3.80,5.34,4.46,7.40,3.26,4.38,4.11,8.75,8.20,4.33,7.45,10.29,5.21,10.28,14.19,5.38,5.42,5.38,5.76,8.84,11.58,9.60,8.08,7.76,7.65,7.57,10.36,8.66,10.75,14.32,12.68,9.40,9.88,9.91,9.04,9.74,9.97,14.98,10.23,17.57,10.73,15.78,13.01,15.08,15.86,12.55,15.98,13.62,16.13,15.46,14.49,14.90,19.71,15.59,13.98,17.91,15.65,20.64,16.79,21.41,18.41,19.70,35.79,13.36,14.47,11.20,6.05,5.95,10.32,1.31,3.61,2.17,4.70,14.04,0.92,7.17,6.91,4.71,7.90,7.91,7.88,12.38,9.13,11.60,10.82,9.70,9.58,10.12,8.23,7.99,11.09,11.66,9.78,9.10,18.87,10.06,11.29,13.90,10.22,11.96,16.51,19.23,22.64,15.52,17.62,17.27,17.59,36.64
13,15.29,14.88,14.59,11.94,6.94,3.68,4.83,5.79,13.92,2.78,13.92,6.95,0.00,2.34,3.37,6.00,3.83,3.93,5.34,2.22,10.11,5.50,3.88,4.76,2.69,6.20,8.69,5.32,3.83,3.25,7.35,3.84,5.12,6.42,5.11,17.51,7.78,6.92,7.10,7.88,4.98,6.93,5.74,6.85,9.17,8.46,9.30,6.49,8.67,8.28,8.61,7.77,10.21,9.51,12.29,10.77,12.13,11.70,10.06,11.03,13.12,12.40,18.90,15.40,10.17,10.95,13.36,11.07,14.43,11.21,13.63,15.29,15.71,14.79,17.98,16.37,20.29,14.50,23.77,19.18,23.80,17.76,19.05,30.88,18.49,19.61,17.15,10.79,9.46,4.04,6.41,9.29,4.89,9.98,7.91,6.06,1.07,2.13,9.31,2.09,3.07,4.02,16.80,5.28,6.93,6.82,7.22,14.30,7.65,9.96,10.70,8.61,14.05,8.64,9.91,23.50,11.79,11.01,8.99,11.95,14.37,18.90,22.36,25.77,16.33,13.32,19.66,13.29,31.73
14,15.97,15.56,15.27,12.62,7.71,3.79,5.60,4.91,14.60,2.07,14.04,7.63,2.35,0.00,3.49,6.15,2.06,4.05,3.58,2.34,10.23,5.62,4.00,4.88,2.81,6.32,8.81,5.44,2.50,3.23,7.47,3.96,3.46,6.54,4.26,17.63,7.90,7.04,7.22,8.00,4.97,5.27,5.73,6.97,9.29,8.58,9.42,5.58,8.79,8.40,6.94,6.75,10.33,9.63,12.41,10.89,12.25,11.82,9.10,11.15,11.46,12.52,19.02,15.52,9.15,9.93,13.48,10.06,14.55,10.20,12.62,15.41,15.83,14.75,18.10,16.49,20.41,13.49,23.89,19.30,23.92,16.75,18.04,29.87,19.18,20.29,17.83,11.47,10.14,3.67,7.18,11.36,5.57,10.66,6.47,6.74,1.41,2.25,9.43,2.07,3.19,4.00,16.92,5.27,5.27,5.51,7.34,14.42,7.77,10.08,10.82,8.73,14.17,8.76,10.03,23.62,11.91,11.13,7.98,12.07,14.49,19.02,22.48,25.89,13.46,12.31,19.78,12.28,30.71
15,12.86,12.46,12.16,9.51,5.21,6.62,3.10,7.74,11.49,5.27,11.49,4.52,3.37,3.60,0.00,2.88,4.90,0.86,6.41,3.29,7.51,2.60,1.69,2.23,2.74,3.60,6.09,2.72,4.32,3.54,4.74,2.78,5.86,3.82,5.85,14.00,5.24,4.73,4.56,5.34,4.18,6.92,4.94,4.66,6.98,6.27,6.75,5.69,6.48,6.09,9.66,8.02,8.02,7.32,9.75,8.22,9.59,9.16,10.31,8.85,12.90,10.21,16.36,12.86,10.42,11.20,11.17,11.32,12.24,11.47,13.88,13.11,13.52,15.04,15.43,13.83,17.75,14.27,21.22,16.63,21.25,18.02,19.30,31.13,16.07,17.18,14.73,8.37,7.03,6.50,4.26,6.77,2.46,7.46,9.30,3.54,2.43,2.48,5.49,3.16,3.25,3.22,13.29,4.46,6.94,6.16,5.03,11.76,5.46,7.42,8.15,6.42,11.51,6.45,7.72,19.98,9.24,8.82,9.24,9.41,12.19,16.35,19.81,23.22,14.14,13.57,17.12,13.54,31.98
16,10.31,9.91,9.62,6.96,7.81,8.03,5.22,10.74,7.67,8.27,7.67,1.84,5.41,6.60,3.09,0.00,7.90,2.89,9.41,6.29,3.63,2.22,3.68,2.88,5.86,1.69,2.81,2.53,7.21,6.63,2.76,5.66,8.75,3.63,8.74,11.27,3.80,3.85,3.81,4.18,7.30,10.04,8.06,6.50,6.18,6.08,6.00,8.82,7.09,8.96,12.53,10.89,7.83,8.31,8.33,7.47,8.17,8.40,13.19,8.65,15.78,9.16,13.96,11.44,13.29,14.07,10.98,15.02,12.05,14.34,13.89,12.91,13.33,17.92,14.02,12.41,16.33,14.08,18.82,15.22,19.84,16.84,18.12,34.00,14.34,15.45,12.18,7.03,7.50,8.75,2.23,4.59,1.74,4.98,12.30,1.06,5.43,5.37,2.77,6.32,6.37,6.34,10.56,7.34,10.06,9.28,7.91,7.76,8.34,6.66,6.42,9.30,10.09,8.21,7.53,17.26,8.49,9.72,12.12,8.65,10.38,14.93,17.41,20.82,13.95,16.05,15.70,16.02,34.85
17,18.64,18.23,17.94,15.29,10.38,3.84,8.27,3.46,17.27,2.49,16.71,10.29,4.72,3.20,6.16,8.82,0.00,6.72,1.51,5.01,12.90,8.29,6.67,7.55,5.47,8.99,11.48,8.11,4.59,5.90,10.14,6.62,3.43,9.21,4.29,20.30,10.57,9.71,9.89,10.67,7.63,5.30,6.42,9.64,11.96,11.24,12.09,6.91,11.46,9.42,6.97,8.07,13.00,12.30,15.08,13.56,14.92,14.49,9.13,13.82,9.44,15.18,21.69,18.19,10.48,11.85,16.14,11.39,18.07,11.53,16.30,18.08,18.49,12.73,20.77,19.16,23.08,17.66,26.55,21.97,26.59,17.21,18.50,30.33,21.84,22.96,20.50,14.14,12.80,3.73,9.85,14.03,8.24,13.33,4.50,9.41,4.08,4.92,12.10,4.74,5.86,6.67,19.59,7.94,5.30,6.84,10.01,17.09,7.96,12.75,13.48,7.81,16.84,11.43,12.70,26.29,14.58,13.80,9.31,14.74,17.16,21.68,25.15,28.56,17.77,14.05,22.45,14.66,31.17
18,13.27,12.86,12.57,9.91,6.04,7.16,3.93,8.29,11.90,5.81,10.46,4.92,3.91,4.14,0.88,2.99,5.44,0.00,6.95,3.07,6.65,1.75,0.76,1.38,2.64,2.74,5.23,1.86,3.99,3.44,3.89,2.68,5.52,2.96,5.51,14.05,4.38,3.75,3.70,4.48,4.08,6.82,4.84,4.56,5.77,5.41,5.90,5.59,6.38,5.99,9.55,7.91,7.17,7.22,8.89,7.37,8.73,8.30,10.21,7.99,12.80,9.06,15.50,12.00,10.32,11.10,10.31,11.22,11.38,11.36,13.23,12.25,12.67,14.94,14.58,12.97,16.89,13.42,20.36,15.77,20.40,17.91,19.20,31.03,16.47,17.59,15.13,8.77,7.43,7.05,4.66,7.78,2.87,7.57,9.85,3.66,2.98,2.15,5.85,3.10,3.15,3.12,13.34,4.36,6.84,6.06,4.93,10.90,5.36,6.56,7.29,6.32,10.65,6.35,6.87,20.04,8.39,8.72,9.14,8.55,10.28,15.49,18.96,22.37,13.29,13.47,16.26,13.44,31.88
19,20.17,19.77,19.47,16.82,11.91,5.37,9.80,3.20,18.80,4.02,18.24,11.83,6.26,4.74,7.69,10.35,3.89,8.25,0.00,6.60,14.43,9.82,8.20,9.08,6.15,10.52,13.01,9.64,4.34,6.04,11.67,7.30,3.19,10.74,4.05,21.83,12.10,11.24,11.43,12.20,6.81,5.06,6.17,8.12,10.00,11.42,13.62,6.66,9.50,9.18,6.41,7.51,11.88,10.35,16.62,13.23,14.85,13.08,8.70,12.71,8.07,14.07,23.22,18.64,10.24,10.48,18.88,11.14,16.70,11.29,14.93,19.79,17.12,11.36,21.22,19.64,23.53,16.29,28.09,22.42,28.69,15.84,17.13,28.96,23.38,24.49,22.03,15.68,14.34,5.26,11.39,15.56,9.77,14.86,3.23,10.94,5.62,6.45,13.63,6.03,6.54,6.82,21.12,7.05,5.05,6.60,8.06,18.62,7.72,12.19,15.02,7.57,18.37,9.47,11.58,27.82,14.61,11.85,9.07,14.47,16.05,22.14,26.68,30.09,16.40,12.68,22.90,13.29,29.80
20,15.41,15.00,14.71,12.06,7.15,5.01,5.04,6.13,14.04,3.65,12.76,7.07,1.78,1.98,2.93,5.99,3.29,3.11,4.80,0.00,8.95,4.34,2.72,3.60,1.15,5.04,7.53,4.16,2.51,1.92,6.19,2.30,4.04,5.26,4.03,16.35,6.62,5.76,5.94,6.72,3.66,5.85,4.42,5.25,7.13,7.30,8.14,5.17,6.63,6.24,7.53,6.44,9.01,7.47,11.13,9.61,10.97,10.54,8.74,9.87,12.04,11.23,17.74,14.24,8.84,9.62,12.20,9.75,13.27,9.89,12.31,14.13,14.55,13.47,16.82,15.21,19.13,13.18,22.61,18.02,22.64,16.44,17.73,29.56,18.62,19.73,17.27,10.91,9.58,4.89,6.62,10.08,5.01,10.10,7.69,6.18,0.85,0.97,8.15,0.77,1.53,2.70,15.64,3.96,5.85,5.64,5.18,13.14,5.61,8.80,9.54,6.57,12.89,6.60,8.71,22.34,10.63,8.97,7.67,10.79,13.21,17.74,21.20,24.61,13.15,12.00,18.50,11.97,30.40
21,8.80,8.39,8.10,5.44,12.19,13.51,8.81,14.64,5.35,12.16,4.03,5.42,10.29,10.49,6.95,3.94,11.79,6.38,13.30,9.29,0.00,5.81,6.69,5.81,8.87,3.86,1.56,5.46,10.21,9.63,2.92,8.31,11.75,4.09,11.74,10.06,3.85,3.90,3.86,3.83,8.64,13.04,9.43,6.99,6.23,5.03,4.61,10.33,6.84,9.25,12.81,11.18,6.78,8.15,6.99,6.08,6.82,7.01,13.47,7.60,16.06,7.77,12.48,10.09,13.58,14.36,9.93,13.97,11.00,14.77,12.84,11.86,12.28,18.20,12.67,11.06,15.14,13.03,17.34,13.87,18.49,15.79,17.08,34.29,14.63,13.24,10.66,7.32,10.56,13.40,6.00,3.82,5.46,3.45,16.20,4.87,9.36,8.38,1.86,9.32,9.37,9.34,9.35,8.01,13.07,12.27,7.73,6.55,8.62,5.27,5.07,9.58,7.63,8.05,6.48,16.05,7.10,8.67,12.40,7.26,9.00,13.02,15.93,19.34,12.90,15.00,14.35,14.97,35.14
22,12.08,11.67,11.38,8.72,7.36,8.48,5.51,9.60,9.44,7.13,9.24,3.36,5.23,5.46,2.12,1.92,6.76,1.56,8.27,4.94,5.44,0.00,2.13,1.53,4.51,1.53,4.02,1.18,5.86,5.28,2.67,4.31,7.39,2.28,7.38,12.84,3.64,3.07,3.02,3.80,5.95,8.69,6.71,5.39,5.09,4.73,5.22,7.46,5.97,7.61,11.18,9.54,6.49,7.20,8.21,6.69,8.05,7.62,11.84,7.31,14.43,8.38,14.82,11.32,11.94,12.72,9.63,12.84,10.71,12.99,12.55,11.57,11.99,16.57,13.90,12.29,16.21,12.74,19.69,15.10,19.72,15.50,16.78,32.65,16.94,18.06,13.94,9.24,7.90,8.37,3.75,5.81,3.26,6.50,11.17,2.58,4.30,4.02,4.64,4.97,5.02,4.99,12.13,5.99,8.71,7.93,6.56,10.22,6.98,5.88,6.61,7.95,9.97,7.97,6.19,18.83,7.71,8.38,10.76,7.87,9.60,14.82,18.28,21.69,12.61,14.71,15.58,14.68,33.50
23,13.88,13.48,13.18,10.53,6.86,7.07,4.75,8.19,10.90,5.72,10.30,5.13,3.85,4.05,1.69,3.53,5.35,0.76,6.86,2.85,6.49,1.88,0.00,0.75,2.42,2.58,5.07,1.70,3.77,3.19,3.73,2.22,5.31,2.80,5.30,13.89,4.16,3.30,3.48,4.26,3.86,6.60,4.62,4.10,5.19,4.83,5.68,5.37,5.92,5.52,9.09,7.45,6.59,6.76,8.67,7.15,8.51,8.08,9.75,7.41,12.34,8.77,15.28,11.78,9.85,10.63,9.73,10.75,10.80,10.90,12.65,11.67,12.09,14.48,14.36,12.75,16.67,12.84,20.14,15.56,20.18,17.45,18.73,30.56,17.09,18.20,15.74,9.38,8.05,6.95,5.27,7.62,3.48,8.27,9.75,4.35,2.91,1.93,5.69,2.88,2.93,2.90,13.18,3.90,6.62,5.84,4.47,10.68,4.90,6.34,7.07,5.86,10.43,5.89,6.29,19.88,8.17,8.48,8.68,8.33,10.75,15.27,18.74,22.15,12.71,13.01,16.04,12.97,31.41
24,13.76,13.36,13.07,10.41,7.39,8.00,5.54,9.12,10.20,6.64,9.60,4.43,4.77,4.97,2.15,2.84,6.27,1.34,7.79,3.77,5.79,1.19,0.75,0.00,3.35,1.88,4.37,1.00,4.70,4.12,3.03,3.15,6.23,2.10,6.22,13.20,3.52,2.89,2.85,3.62,4.79,7.53,5.55,4.48,4.73,4.38,5.04,6.30,6.84,6.45,10.02,8.38,6.13,7.69,8.04,6.51,7.87,7.44,10.68,6.95,13.27,8.20,14.65,11.15,10.78,11.56,9.28,11.68,10.35,11.83,12.19,11.21,11.63,15.41,13.72,12.11,16.04,12.38,19.51,14.92,19.54,15.14,16.42,31.49,16.97,18.08,15.63,9.27,7.93,7.88,4.82,6.92,3.37,7.57,10.68,3.65,3.84,2.86,4.99,3.81,3.85,3.83,12.48,4.82,7.55,6.77,5.40,10.04,5.82,5.70,6.44,6.79,9.79,6.81,5.83,19.18,7.53,8.02,9.60,7.69,9.43,14.64,18.10,21.51,12.25,13.94,15.40,13.90,32.34
25,15.74,15.34,15.05,12.39,7.38,5.89,5.27,7.02,13.06,4.54,12.46,7.28,2.67,2.87,2.91,5.69,4.17,2.81,6.15,0.89,8.65,4.04,2.42,3.30,0.00,4.74,7.23,3.86,1.81,1.23,5.89,1.15,3.34,4.96,3.33,16.05,6.32,5.46,5.64,6.42,2.62,5.15,3.39,4.21,6.10,6.99,7.83,4.14,5.60,5.20,6.83,5.41,7.98,6.44,10.83,9.31,10.67,9.17,7.71,8.80,10.30,10.16,17.44,13.94,7.81,8.59,11.12,8.71,12.19,8.86,11.27,13.06,13.48,12.44,16.52,14.91,18.83,12.15,22.30,17.71,22.34,15.41,16.69,28.52,18.95,20.06,17.61,11.25,9.91,5.78,6.85,9.78,5.34,10.42,8.58,6.51,1.74,1.74,7.85,0.92,0.51,1.66,15.34,2.93,5.15,4.60,4.15,12.84,4.58,8.29,9.23,5.54,12.59,5.57,7.68,22.04,10.33,7.94,6.64,10.56,12.14,17.43,20.89,24.31,12.11,10.97,18.20,10.93,29.37
26,11.76,11.36,11.07,8.41,8.13,9.39,6.28,10.51,9.13,8.03,7.35,3.29,6.16,6.36,2.89,1.70,7.66,2.33,9.18,5.16,3.54,1.76,2.56,1.76,4.74,0.00,2.17,1.41,6.09,5.51,1.30,4.53,7.62,1.50,7.61,11.25,2.26,2.31,2.27,2.64,6.18,8.91,6.94,4.96,4.64,4.54,4.46,7.69,5.55,7.84,11.40,9.77,6.29,6.77,6.79,5.93,6.63,6.86,12.06,7.11,14.65,7.62,13.40,9.90,12.17,12.95,9.44,13.48,10.51,13.21,12.35,11.37,11.79,16.79,12.48,10.87,14.79,12.54,18.27,13.68,18.30,15.30,16.59,32.88,15.79,16.90,13.63,8.48,8.68,9.27,3.68,4.98,3.19,6.43,12.07,2.51,5.23,4.25,3.05,5.20,5.24,5.22,10.54,6.21,8.94,8.15,5.71,7.74,7.21,5.12,4.88,8.17,8.55,6.67,5.99,17.24,6.95,8.18,10.99,7.11,8.84,13.40,16.86,20.27,12.41,14.51,14.16,14.48,33.73
27,10.41,10.01,9.72,7.06,10.13,12.17,7.78,13.30,6.97,10.82,5.65,4.40,8.95,9.15,5.61,2.78,10.45,5.04,11.96,7.95,1.84,4.47,5.34,4.47,7.53,2.44,0.00,4.12,8.87,8.29,1.58,6.97,10.41,2.75,10.40,9.36,2.51,2.56,2.51,2.32,7.30,11.70,8.09,5.65,4.89,4.22,4.11,8.99,5.56,7.91,11.47,9.83,5.98,7.35,6.47,5.58,6.31,6.51,12.13,6.80,14.72,7.27,12.04,9.58,12.24,13.02,9.12,13.17,10.19,13.28,12.03,11.06,11.48,16.86,12.16,10.55,14.70,12.23,16.90,13.36,17.98,14.99,16.27,32.95,14.87,14.86,12.28,7.56,10.80,12.06,4.79,4.06,4.30,5.06,14.86,3.62,8.02,7.04,2.13,7.98,8.03,8.00,8.64,6.67,11.73,10.93,6.39,5.84,7.28,4.77,4.56,8.24,7.35,7.24,5.68,15.34,6.60,7.87,11.06,6.76,8.49,12.58,15.49,18.90,12.09,14.20,14.19,14.16,33.80
28,12.62,12.22,11.93,9.27,7.82,8.03,5.79,9.15,9.99,6.68,9.39,4.22,4.81,5.01,2.66,2.62,6.31,1.58,7.82,3.81,5.58,0.97,1.20,0.49,3.38,1.67,4.16,0.00,4.73,4.15,2.82,3.18,6.27,1.89,6.26,12.98,3.31,2.68,2.63,3.41,4.82,7.56,5.59,4.80,4.49,4.14,4.83,6.34,5.38,6.49,10.05,8.41,5.89,7.72,7.82,6.30,7.66,7.23,10.71,6.72,13.30,7.99,14.43,10.93,10.81,11.59,9.04,11.72,10.11,11.86,11.95,10.98,11.39,15.44,13.51,11.90,15.82,12.14,19.29,14.70,19.33,14.91,16.19,31.53,17.22,18.33,14.49,9.52,8.18,7.92,4.61,6.71,3.62,7.36,10.72,3.44,3.88,2.90,4.78,3.84,3.89,3.86,12.27,4.86,7.59,6.80,5.43,9.83,5.86,5.49,6.22,6.82,9.58,6.85,5.59,18.97,7.32,7.78,9.64,7.48,9.21,14.42,17.89,21.30,12.01,13.97,15.19,13.94,32.37
29,16.92,16.51,16.22,13.56,8.66,5.41,6.55,6.53,14.68,4.05,14.08,8.91,3.84,2.83,4.53,7.32,3.44,4.43,4.34,2.26,10.27,5.67,4.04,4.92,1.81,6.36,8.85,5.48,0.00,1.70,7.51,2.96,1.53,6.58,1.53,17.67,7.94,7.08,7.27,8.04,3.43,3.35,2.81,5.02,6.90,8.32,9.46,3.30,6.40,5.81,5.02,4.47,8.78,7.25,12.46,10.13,11.75,9.98,6.77,9.61,9.54,10.97,19.06,15.54,6.87,7.65,11.93,7.78,12.10,7.92,10.34,13.87,12.21,12.83,18.12,16.54,20.43,11.21,23.93,19.32,23.96,14.47,15.76,27.59,20.12,21.24,18.78,12.42,11.08,5.29,8.13,11.40,6.52,12.05,7.99,8.13,2.91,3.11,9.47,1.68,2.19,2.47,16.96,3.73,3.35,3.23,4.96,14.46,4.35,9.09,10.86,4.20,14.21,6.38,8.48,23.66,11.51,8.75,5.70,11.37,12.95,19.04,22.52,25.93,11.18,10.03,19.80,10.00,28.43
30,16.54,16.14,15.85,13.19,8.18,6.23,6.07,7.35,13.86,4.87,13.26,8.09,3.35,3.20,3.71,6.49,4.11,3.61,6.01,1.76,9.45,4.84,3.22,4.10,1.31,5.54,8.03,4.66,1.67,0.00,6.69,1.95,3.20,5.76,3.19,16.85,7.12,6.26,6.44,7.22,1.77,4.50,2.53,3.35,5.24,6.65,8.84,3.28,4.74,4.35,6.19,4.55,7.12,5.58,11.23,8.46,10.09,8.31,6.85,7.94,9.44,9.30,18.24,13.88,6.95,7.73,10.26,7.85,11.33,8.00,10.42,12.20,12.62,11.58,16.45,14.87,18.77,11.29,22.44,17.65,22.30,14.55,15.83,27.66,19.75,20.86,18.41,12.05,10.71,6.11,7.65,10.58,6.15,11.23,8.91,7.31,2.41,2.62,8.65,1.18,1.69,0.81,16.14,2.07,4.53,3.74,3.29,13.64,3.72,7.43,10.03,4.68,13.39,4.71,6.82,22.84,9.84,7.08,5.78,9.70,11.28,17.37,21.03,24.44,11.25,10.11,18.14,10.07,28.51
31,11.07,10.67,10.38,7.72,9.29,10.62,7.44,11.74,7.93,9.27,6.61,4.45,7.40,7.60,4.05,2.86,8.90,3.49,10.41,6.40,2.80,2.92,3.79,2.92,5.97,1.08,1.39,2.56,7.32,6.74,0.00,5.42,8.86,1.20,8.85,10.56,1.36,1.41,1.37,1.74,5.75,10.15,6.54,4.09,3.79,3.64,3.56,7.43,4.68,6.35,9.92,8.28,5.39,5.90,5.89,5.03,5.73,5.96,10.58,6.21,13.17,6.72,12.50,9.00,10.68,11.46,8.54,12.58,9.61,11.73,11.45,10.47,10.89,15.31,11.58,9.97,13.89,11.64,17.36,12.78,17.40,14.40,15.68,31.39,15.10,16.21,12.94,7.79,9.83,10.50,4.84,4.29,4.35,6.03,13.30,3.67,6.46,5.48,2.36,6.43,6.48,6.45,9.85,5.11,10.17,9.37,4.84,7.90,5.73,4.22,3.98,6.69,7.65,5.80,5.09,16.55,6.05,7.28,9.51,6.21,7.94,12.49,15.96,19.37,11.51,13.61,13.26,13.58,32.24
32,15.60,15.20,14.91,12.25,7.51,7.02,5.40,8.14,12.91,5.67,12.00,7.13,3.80,4.00,2.77,5.54,5.30,2.67,7.28,2.01,8.19,3.89,2.27,3.15,1.13,4.59,6.77,3.71,2.93,1.93,5.43,0.00,4.47,4.81,4.46,15.95,5.86,5.00,5.18,5.96,2.57,5.30,3.33,2.66,4.98,6.40,7.38,4.08,4.48,4.09,6.99,5.35,6.86,5.32,10.37,8.21,10.21,8.06,7.65,7.69,10.24,9.05,16.98,13.48,7.75,8.53,10.01,8.65,11.08,8.80,11.22,11.94,12.36,12.38,16.06,14.45,18.37,12.09,21.84,17.25,21.88,15.35,16.63,28.46,18.81,19.93,17.47,11.11,9.77,6.90,7.00,9.67,5.21,10.27,9.70,6.36,2.86,2.56,7.74,2.04,1.63,1.60,15.23,2.87,5.33,4.54,3.03,12.38,3.46,7.17,8.77,4.42,12.13,4.45,6.56,21.93,9.87,6.82,6.58,9.44,11.03,16.97,20.44,23.85,12.98,10.91,17.74,10.87,29.31
33,19.16,18.76,18.47,15.81,10.90,5.34,8.79,5.40,16.27,3.98,15.67,10.50,5.54,3.73,6.69,8.91,2.88,6.02,3.25,3.85,11.86,7.26,5.63,6.51,3.40,7.95,10.45,7.07,1.59,3.29,9.10,4.55,0.00,8.17,1.29,19.27,9.53,8.67,8.86,9.63,4.06,2.30,3.42,5.37,7.25,8.66,11.05,3.91,6.75,6.43,3.98,5.08,9.13,7.59,14.05,10.48,12.10,10.33,6.14,9.95,8.00,11.32,20.66,15.89,7.49,8.27,12.28,8.39,12.72,8.54,10.95,14.21,17.05,11.29,18.47,16.89,20.78,16.21,25.52,19.66,24.31,15.77,17.05,28.88,22.37,23.48,21.03,14.67,13.33,5.22,10.38,12.99,8.76,13.64,6.89,9.72,4.61,4.71,11.06,3.27,3.78,4.06,18.55,4.30,2.30,3.85,5.30,16.06,4.96,9.44,12.45,4.82,15.81,6.72,8.83,25.25,11.85,9.09,6.31,11.71,13.29,19.38,24.11,27.52,11.79,12.61,20.15,13.21,29.73
34,12.18,11.77,11.48,8.83,9.68,9.89,7.87,11.01,9.04,8.53,7.72,5.11,6.66,6.86,4.51,3.52,8.17,3.66,9.68,5.67,3.91,2.72,3.06,2.60,5.24,2.02,2.49,2.36,6.59,6.01,1.15,4.69,8.12,0.00,8.12,11.67,1.58,0.95,0.90,1.68,5.02,9.42,5.81,3.36,3.06,2.71,3.10,6.70,3.94,5.62,9.19,7.55,4.46,5.17,6.09,4.57,5.93,5.50,9.85,5.28,12.44,6.26,12.70,9.20,9.95,10.73,7.61,11.65,8.68,11.00,10.52,9.54,9.96,14.58,11.78,10.17,14.09,10.71,17.57,12.98,17.60,13.47,14.75,30.66,16.20,17.32,14.04,8.90,10.26,9.77,5.50,5.39,5.01,7.13,12.57,4.33,5.73,4.75,3.46,5.70,5.75,5.72,10.95,4.38,9.44,8.64,4.11,8.10,5.00,3.76,4.50,5.96,7.85,5.07,4.16,17.65,5.59,6.35,8.78,5.75,7.48,12.70,16.16,19.57,10.58,12.68,13.46,12.65,31.51
35,18.79,18.39,18.09,15.44,10.53,6.08,8.42,6.20,16.21,4.73,14.73,10.44,5.17,4.07,6.31,8.85,3.63,5.96,4.05,3.79,10.92,7.20,5.57,6.45,3.34,7.89,9.50,7.01,1.53,3.23,8.16,4.49,1.24,8.11,0.00,19.33,8.59,7.73,7.91,8.69,3.15,1.84,2.51,4.45,6.34,7.75,9.94,3.00,5.84,5.51,3.81,4.17,8.22,6.68,12.33,9.56,11.19,9.41,5.98,9.04,7.42,10.40,19.34,14.98,6.57,7.35,11.36,7.48,11.80,7.62,10.04,13.30,11.91,10.71,17.55,15.97,19.87,10.91,23.54,18.75,23.40,14.17,15.46,27.29,22.00,23.11,20.66,14.30,12.96,5.97,10.01,12.40,8.39,13.58,7.69,9.66,4.24,4.65,10.47,3.21,3.72,3.13,18.62,3.38,1.84,2.93,4.39,14.74,4.05,8.53,11.17,3.90,14.49,5.81,7.92,25.32,10.94,8.18,5.40,10.80,12.38,18.47,22.13,25.54,10.88,9.73,19.24,9.70,28.13
36,13.35,12.95,12.66,10.00,21.51,21.17,17.05,22.29,8.01,19.81,8.63,14.28,17.94,18.14,14.60,11.88,19.44,14.04,20.96,16.94,10.75,13.46,14.34,13.46,16.52,11.41,8.96,13.11,17.87,17.29,10.57,15.97,19.40,11.74,19.39,0.00,11.29,11.54,11.49,11.06,16.30,20.69,17.08,14.64,13.99,12.26,10.98,17.98,14.08,17.72,20.50,18.86,12.51,15.76,10.08,12.07,11.00,12.76,21.01,14.41,23.74,13.51,6.64,14.27,20.71,21.89,15.35,19.89,16.92,20.69,18.76,17.78,18.20,25.74,11.86,15.24,10.57,18.95,12.77,11.71,14.39,21.71,22.99,41.82,20.00,16.10,13.52,13.75,16.98,21.05,16.63,11.74,13.09,11.03,23.85,14.71,17.01,16.03,10.92,16.98,17.02,17.00,1.15,15.66,20.72,19.92,15.38,6.47,16.27,11.65,9.78,17.24,7.75,15.65,12.79,7.10,11.62,15.48,19.94,13.00,13.91,8.45,11.36,14.77,18.82,20.93,10.06,20.89,42.67
37,12.20,11.80,11.51,8.85,10.52,10.73,8.09,11.86,9.06,9.38,7.74,5.10,7.51,7.71,5.36,3.51,9.01,4.14,10.52,6.51,3.94,3.56,3.91,3.56,6.09,2.01,2.52,3.21,7.44,6.85,1.17,5.53,8.97,1.31,8.96,12.14,0.00,0.79,0.74,0.83,5.87,10.26,6.65,4.21,2.73,2.38,2.55,7.55,3.62,6.41,9.19,7.55,4.13,4.84,5.55,4.02,5.38,4.95,9.70,4.96,12.44,5.71,12.15,8.65,9.80,10.58,7.28,11.32,8.35,10.85,10.19,9.22,9.63,14.43,11.23,9.62,13.55,10.38,17.02,12.43,17.05,13.14,14.43,30.51,16.23,17.34,14.07,8.92,10.48,10.62,5.49,5.42,5.00,7.16,13.42,4.32,6.58,5.60,3.49,6.54,6.59,6.57,11.43,5.23,10.29,9.49,4.95,7.55,5.84,3.21,3.95,5.95,7.30,4.74,3.83,18.13,5.04,6.02,8.63,5.20,6.94,12.15,15.61,19.02,10.25,12.35,12.91,12.32,31.36
38,12.93,12.53,12.24,9.58,9.79,10.00,7.98,11.12,9.80,8.65,8.48,5.51,6.78,6.98,4.63,3.92,8.28,3.78,9.79,5.78,4.67,2.83,3.17,2.71,5.35,2.42,3.25,2.48,6.70,6.12,1.91,4.80,8.24,1.02,8.23,12.58,1.47,0.00,0.79,1.57,5.13,9.53,5.92,3.47,2.30,1.95,2.99,6.81,3.18,5.98,9.30,7.66,3.70,4.41,5.98,4.46,5.82,4.89,9.27,4.52,12.55,5.88,12.59,9.09,9.37,10.15,6.85,10.89,7.92,10.42,9.76,8.78,9.20,14.00,11.67,10.06,13.98,9.95,17.45,12.86,17.49,12.71,13.99,30.08,16.96,18.07,14.80,9.65,10.37,9.89,5.90,6.15,5.41,7.89,12.68,4.73,5.84,4.86,4.22,5.81,5.86,5.83,11.87,4.49,9.55,8.76,4.22,7.99,5.11,2.89,4.38,6.07,7.74,4.31,3.40,18.56,5.48,5.59,8.20,6.28,7.86,12.58,16.05,19.46,9.82,11.92,13.35,11.89,30.93
39,12.36,11.96,11.67,9.01,10.25,10.46,8.44,11.59,8.92,9.11,7.60,5.41,7.24,7.44,5.09,3.82,8.74,4.24,10.25,6.24,3.79,3.29,3.64,3.18,5.82,2.32,2.62,2.94,7.16,6.58,1.49,5.26,8.70,1.48,8.69,11.79,0.68,0.44,0.00,0.78,5.59,9.96,6.38,3.94,2.38,2.27,2.19,6.83,3.26,6.05,8.83,7.19,4.10,4.49,5.19,3.66,5.03,4.60,9.34,4.85,12.08,5.35,11.80,8.30,9.45,10.23,7.17,11.22,8.24,10.49,10.08,9.11,9.53,14.07,10.87,9.27,13.19,10.28,16.66,12.07,16.69,13.04,14.32,30.16,16.54,17.65,14.23,9.24,10.83,10.35,5.80,5.73,5.32,7.01,13.15,4.63,6.31,5.33,3.80,6.27,6.32,6.29,11.07,4.96,9.98,8.77,4.68,7.20,5.13,2.86,3.59,5.59,6.95,4.38,3.73,17.77,4.68,5.92,8.27,4.85,6.58,11.79,15.25,18.66,10.14,12.25,12.56,12.21,31.01
40,11.59,11.19,10.89,8.24,10.17,11.24,8.31,12.37,8.14,9.89,6.82,5.33,8.02,8.22,4.93,3.73,9.52,4.37,11.03,7.02,3.01,3.79,4.42,3.79,6.60,2.24,1.85,3.44,7.94,7.36,1.40,6.04,9.48,1.82,9.47,10.81,0.54,1.33,1.28,0.00,6.37,10.77,7.16,4.72,3.27,2.78,2.70,8.06,3.92,6.95,9.73,8.09,4.54,5.15,5.04,4.18,4.88,5.11,10.24,5.36,12.97,5.87,11.65,8.15,10.34,11.12,7.68,11.73,8.75,12.52,10.60,9.62,10.04,14.97,10.73,9.12,13.04,10.79,16.51,11.92,16.55,13.55,14.83,31.05,16.26,16.04,13.45,8.96,10.71,11.13,5.72,5.46,5.23,6.24,13.93,4.55,7.09,6.11,3.53,7.05,7.10,7.07,10.09,5.74,10.80,10.00,5.46,7.05,6.35,3.37,3.13,6.49,6.80,5.04,4.24,16.79,5.20,6.43,9.17,5.36,7.09,11.64,15.10,18.52,10.66,12.76,12.41,12.73,31.90
41,16.78,16.38,16.09,13.43,8.88,7.95,6.78,9.07,13.65,6.60,12.33,8.79,5.17,4.93,4.42,7.20,5.83,4.32,6.80,3.39,8.52,5.55,3.93,4.80,2.50,6.25,7.10,5.37,3.39,1.78,5.76,2.66,3.99,4.87,3.13,17.14,6.19,5.33,5.51,6.29,0.00,3.70,1.31,2.26,4.15,5.56,7.75,2.33,3.65,3.25,5.24,3.61,6.03,4.49,10.14,7.37,9.00,7.22,5.90,6.85,8.49,8.21,17.15,12.79,6.01,6.79,9.17,6.91,10.24,7.05,9.47,11.11,11.53,10.63,15.36,13.78,17.68,10.34,21.35,16.56,21.21,13.60,14.89,26.72,20.46,21.57,18.65,12.76,11.42,7.83,8.36,10.00,6.85,11.74,10.63,8.01,4.24,3.93,8.07,2.91,3.01,1.43,16.43,0.98,3.72,2.80,2.20,12.55,2.63,6.34,8.98,3.59,12.30,3.62,5.73,23.13,8.75,5.99,4.83,8.61,10.19,16.28,19.94,23.35,12.14,9.16,17.05,9.13,27.57
42,19.40,18.99,18.70,16.05,11.03,7.09,8.92,7.20,16.71,5.74,14.71,10.94,6.95,5.48,6.57,9.35,4.63,6.46,5.05,5.56,10.91,7.70,6.07,6.95,4.65,8.39,9.49,7.51,3.30,3.92,8.14,4.81,2.24,7.25,1.86,19.32,8.58,7.72,7.90,8.68,3.13,0.00,2.44,4.44,6.32,7.74,9.93,2.54,5.82,5.06,2.06,3.16,8.20,6.66,12.32,9.55,11.17,9.40,4.34,9.03,6.63,10.39,19.33,14.96,6.12,6.90,11.35,7.02,11.35,7.17,9.59,13.29,11.46,9.92,17.54,15.96,19.85,10.46,23.53,18.73,23.38,13.72,15.00,26.83,22.60,23.72,21.26,14.90,13.57,6.97,10.51,12.39,9.00,14.08,9.59,10.16,6.01,6.08,10.46,4.98,5.15,3.12,18.60,3.37,0.02,1.14,4.38,14.73,4.10,8.51,11.16,3.95,14.48,6.40,7.90,25.30,10.92,8.16,4.95,10.78,12.37,18.45,22.12,25.53,10.42,9.28,19.22,9.25,27.68
43,17.65,17.25,16.96,14.30,9.63,7.96,7.52,8.32,14.51,6.61,13.19,9.54,5.92,5.38,5.17,7.95,5.76,5.06,6.18,4.13,9.39,6.30,4.68,5.55,3.25,7.00,7.97,6.11,2.83,2.53,6.62,3.41,3.37,5.73,2.51,17.38,7.06,6.20,6.38,7.16,1.32,3.07,0.00,2.55,4.38,5.80,7.99,1.09,3.88,2.45,4.01,2.37,6.26,4.72,10.38,7.61,9.23,7.46,4.66,7.09,7.25,8.45,17.39,13.02,4.77,5.55,9.41,5.67,9.99,5.82,8.23,11.34,10.11,9.39,15.60,14.02,17.91,9.10,21.59,16.79,21.44,12.37,13.65,25.48,21.21,22.32,19.52,13.50,12.17,7.85,9.11,10.87,7.60,12.61,9.82,8.76,4.99,4.68,8.94,3.66,3.75,1.72,16.66,1.34,3.10,2.05,2.43,12.79,1.62,6.57,9.22,1.47,12.54,3.79,5.96,23.36,8.98,6.22,3.59,8.84,10.43,16.51,20.18,23.59,9.07,7.93,17.28,7.89,26.33
44,15.12,14.72,14.43,11.77,9.85,9.55,7.75,10.67,11.99,8.20,10.67,8.06,6.83,6.53,4.69,6.47,7.44,4.59,9.34,4.99,6.86,5.02,4.18,4.02,4.10,4.97,5.44,4.67,4.99,3.38,4.10,2.54,6.53,3.21,4.57,14.61,4.53,3.67,3.85,4.63,2.28,6.49,2.44,0.00,2.16,4.59,6.05,3.36,2.68,2.28,5.85,4.21,5.05,3.52,9.04,6.40,8.02,6.25,6.51,5.88,9.10,7.24,15.65,11.81,6.61,7.39,8.20,7.51,9.27,7.66,10.07,10.14,10.55,11.24,14.39,13.12,16.71,11.30,20.51,15.59,20.55,14.21,15.49,27.32,19.15,20.26,16.99,11.84,11.32,9.44,8.45,8.34,6.75,10.08,12.24,7.28,5.90,4.92,6.41,4.51,4.61,3.03,13.90,1.30,6.51,5.30,0.82,11.05,1.66,5.36,7.44,2.62,10.80,2.65,4.75,20.60,7.78,5.02,5.44,7.64,9.22,15.31,19.11,22.52,11.17,9.77,16.07,9.73,28.17
45,14.69,14.29,14.00,11.34,12.57,11.79,10.26,12.91,11.25,10.43,9.93,7.79,9.55,8.76,7.40,6.20,9.67,6.06,10.54,7.22,6.12,5.11,5.46,5.00,6.34,4.70,4.95,4.76,7.23,5.61,4.19,5.25,7.73,3.30,6.87,14.12,3.01,2.53,3.08,3.11,4.51,7.63,4.44,1.86,0.00,1.74,3.67,4.51,0.93,3.73,6.51,4.87,3.11,2.45,7.23,4.46,6.08,4.31,7.02,3.85,9.76,5.21,14.13,9.79,7.12,7.90,6.17,8.02,7.24,8.17,9.08,8.11,8.53,11.75,12.36,10.78,14.68,9.28,18.35,13.56,18.21,12.04,13.32,27.83,19.24,20.35,16.56,11.94,12.65,11.67,8.19,8.43,7.70,9.34,14.52,7.02,8.61,7.63,6.50,6.74,6.84,5.27,13.41,3.54,7.66,6.45,1.78,9.53,2.80,3.42,5.93,3.27,9.28,2.34,2.81,20.11,5.83,3.95,5.95,5.61,7.19,13.28,16.94,20.35,9.14,10.28,14.04,10.25,28.68
46,13.45,13.05,12.76,10.10,11.96,12.17,10.15,13.29,10.01,10.82,8.69,7.71,8.95,9.15,6.80,6.11,10.45,5.95,11.96,7.95,4.88,5.00,5.34,4.88,7.52,4.62,4.18,4.65,8.87,7.19,3.78,6.97,10.41,3.19,8.45,12.38,2.51,2.40,2.96,2.28,6.09,9.00,6.02,3.44,1.74,0.00,1.93,6.09,1.82,5.09,7.86,6.22,1.75,3.13,5.79,3.10,4.72,2.95,8.38,2.58,11.11,3.94,12.39,8.51,8.48,9.26,4.90,8.94,5.97,9.74,7.81,6.84,7.25,13.11,11.09,9.51,13.40,8.00,17.26,12.29,16.94,10.77,12.05,29.19,18.60,17.90,15.32,11.29,12.54,12.06,8.10,7.79,7.61,8.10,14.85,6.93,8.01,7.03,5.86,7.98,8.03,6.85,11.67,5.11,9.02,7.81,3.35,7.79,4.38,2.06,4.19,4.62,7.54,3.02,1.45,18.37,4.48,3.64,7.30,4.34,5.92,12.01,15.85,19.26,7.87,9.98,12.77,9.94,30.04
47,13.40,12.99,12.70,10.05,11.91,12.12,10.09,13.24,9.95,10.76,8.63,7.55,8.89,9.09,6.74,5.96,10.39,5.89,11.91,7.89,4.82,4.94,5.29,4.83,7.47,4.46,4.07,4.59,8.82,8.24,3.62,6.92,10.35,3.13,10.34,11.07,2.46,2.34,2.91,2.22,7.25,11.22,8.03,5.59,4.03,2.30,0.00,8.31,4.12,7.31,10.09,8.45,2.10,5.35,4.08,1.66,3.28,2.59,10.60,4.00,13.33,3.35,11.09,7.18,10.55,11.48,5.19,9.73,6.76,10.53,8.60,7.62,8.04,15.33,9.76,8.15,12.07,8.79,15.95,10.96,15.58,11.55,12.83,31.41,18.49,17.85,15.26,11.18,12.49,12.00,7.94,7.68,7.45,8.05,14.80,6.77,7.96,6.98,5.75,7.93,7.97,7.95,10.36,6.61,11.24,10.04,6.33,6.48,6.60,0.66,2.91,6.85,6.24,5.24,2.38,17.06,2.68,5.07,9.53,2.84,4.58,10.68,14.54,17.95,8.66,10.77,11.44,10.73,32.26
48,17.71,17.31,17.02,14.36,10.39,8.45,8.28,8.81,14.58,7.10,13.26,10.75,6.67,5.87,6.38,9.15,6.25,6.28,6.67,4.89,9.45,7.50,5.88,6.76,4.00,7.56,8.03,7.32,3.32,3.28,6.69,4.23,3.86,5.80,3.00,17.44,7.12,6.26,6.44,7.22,2.48,2.54,1.09,2.61,4.44,5.86,8.05,0.00,3.94,2.35,3.32,1.68,6.32,4.79,10.44,7.67,9.29,7.52,3.98,7.15,6.57,8.51,17.45,13.08,4.08,4.86,9.47,4.98,9.31,5.13,7.54,11.41,9.42,8.71,15.66,14.08,17.97,8.42,21.65,16.86,21.50,11.68,12.96,24.79,21.74,22.85,19.58,14.43,13.38,8.34,10.61,10.93,8.82,12.67,10.31,9.97,5.74,5.43,9.00,4.41,4.51,2.47,16.73,2.52,2.57,1.36,2.50,12.85,1.68,6.63,9.28,1.53,12.60,3.70,6.02,23.42,9.05,6.29,2.90,8.91,10.49,16.58,20.24,23.65,8.38,7.24,17.34,7.20,25.64
49,15.27,14.87,14.58,11.92,12.04,11.26,9.93,12.39,11.82,9.91,10.50,8.74,9.02,8.24,6.88,7.15,9.15,6.77,10.02,6.70,6.70,5.98,6.37,5.87,5.81,5.65,5.26,5.63,6.70,5.09,4.82,4.72,7.21,4.17,6.35,13.72,3.65,3.40,3.95,3.42,3.99,7.11,3.92,1.82,0.93,1.82,4.33,3.98,0.00,3.21,5.98,4.34,2.61,1.77,6.72,3.95,5.58,3.80,6.49,3.43,9.23,4.79,13.73,9.37,6.60,7.38,5.75,7.50,6.82,7.65,8.66,7.69,8.11,11.22,11.94,10.36,14.26,8.86,17.93,13.14,17.79,11.62,12.90,27.31,19.68,19.72,17.14,12.38,13.53,11.15,9.14,8.87,8.65,9.92,14.00,7.97,8.09,7.11,6.94,6.22,6.32,4.74,13.01,3.01,7.13,5.92,1.74,9.13,2.28,2.92,5.56,2.74,8.88,1.66,2.31,19.71,5.33,3.27,5.42,5.19,6.77,12.86,16.52,19.93,8.72,9.75,13.63,9.72,28.16
50,17.38,16.98,16.69,14.03,10.83,10.05,8.72,11.18,13.94,8.70,12.62,10.03,7.81,7.03,5.67,8.44,7.94,5.57,8.22,5.49,8.81,6.79,5.16,6.04,4.60,7.02,7.49,6.60,5.50,3.88,6.15,3.52,5.41,5.26,4.55,15.51,5.55,5.07,5.62,5.45,2.78,5.80,2.12,1.89,2.59,3.93,6.12,2.18,2.09,0.00,4.66,3.02,4.40,2.86,8.51,5.74,7.36,5.59,5.17,5.22,7.91,6.58,15.52,11.15,5.28,6.06,7.54,6.18,8.61,6.33,8.74,9.48,9.89,9.90,13.73,12.15,16.05,9.61,19.72,14.93,19.58,12.88,14.16,25.99,21.20,22.32,19.25,13.90,12.67,9.94,9.89,10.40,8.10,12.03,12.68,9.25,6.88,5.90,8.47,5.01,5.11,3.54,14.80,1.80,5.82,4.61,1.79,10.92,0.66,4.70,7.35,0.65,10.67,1.74,4.09,21.49,7.12,4.36,4.10,6.98,8.56,14.65,18.31,21.72,10.51,8.43,15.41,8.40,26.84
51,20.09,19.68,19.39,16.73,13.92,8.90,11.81,11.01,16.95,7.54,15.63,13.12,9.10,7.29,8.76,11.52,6.44,8.65,6.55,7.41,11.82,9.87,8.25,9.13,6.78,9.93,10.40,9.69,5.15,6.05,9.06,6.60,4.05,8.17,3.95,19.22,9.49,8.63,8.81,9.16,5.87,2.20,3.87,4.98,6.31,7.64,9.84,3.18,5.81,4.11,0.00,1.52,8.11,6.57,12.23,9.46,11.08,9.30,2.29,8.93,4.50,10.29,19.24,14.87,4.86,5.64,11.25,5.76,10.09,5.91,8.32,13.19,10.20,7.80,17.44,15.86,19.76,9.20,23.43,18.64,23.29,12.28,13.56,25.39,24.11,25.22,21.95,16.80,15.76,8.78,12.98,13.30,11.19,15.04,8.69,12.34,8.17,8.99,11.37,6.83,7.34,5.25,18.51,4.89,2.20,2.47,4.87,14.63,4.05,8.42,11.06,3.56,14.39,5.46,7.81,25.21,10.83,8.07,3.69,10.69,12.27,18.36,22.02,25.43,9.16,9.12,19.13,7.98,26.24
52,18.57,18.17,17.88,15.22,12.41,9.87,10.30,11.98,15.43,8.51,14.11,11.60,7.93,7.03,7.24,10.01,7.41,7.14,7.51,6.15,10.30,8.36,6.74,7.61,5.26,8.41,8.89,8.17,4.48,4.54,7.54,5.09,5.02,6.65,4.16,17.71,7.97,7.11,7.30,7.65,4.35,3.17,2.36,3.47,4.79,6.13,8.32,1.67,4.29,2.60,1.64,0.00,6.59,5.06,10.71,7.94,9.56,7.79,2.02,7.42,5.17,8.78,17.72,13.35,3.34,4.13,9.74,4.25,8.57,4.39,6.81,11.68,8.68,7.97,15.93,14.35,18.24,7.68,21.92,17.13,21.77,10.94,12.23,24.06,22.60,23.71,20.44,15.29,14.24,9.75,11.47,11.79,9.68,13.53,9.66,10.82,7.00,7.47,9.86,5.67,5.77,3.74,17.00,3.37,3.17,2.52,3.35,13.12,2.54,6.90,9.55,2.04,12.87,3.94,6.29,23.69,9.32,6.56,2.17,9.18,10.76,16.85,20.51,23.92,7.65,6.50,17.61,6.47,24.90
53,15.21,14.81,14.52,11.86,13.81,14.02,12.00,15.14,11.77,12.67,10.45,9.45,10.80,11.00,8.65,7.86,12.30,7.79,12.57,9.25,6.64,6.85,7.19,6.73,8.37,6.36,5.94,6.50,9.26,7.64,5.53,7.28,9.76,5.03,8.90,11.46,4.36,4.25,4.81,4.13,6.54,9.45,6.47,4.46,3.03,1.76,2.07,6.54,2.61,5.54,8.31,6.67,0.00,3.58,4.46,1.69,3.31,1.34,8.82,2.23,11.56,2.10,11.47,6.84,8.93,9.71,4.38,8.60,5.62,9.39,7.46,6.49,6.91,13.55,9.42,7.84,11.74,7.66,16.33,10.62,15.27,10.42,11.70,29.64,20.36,19.66,17.08,13.05,14.39,13.90,9.84,9.55,9.36,9.86,16.33,8.68,9.86,8.88,7.62,8.77,8.87,7.30,10.74,5.56,9.47,8.26,4.49,6.87,4.83,1.71,3.30,5.07,6.62,3.47,0.61,17.44,3.06,3.30,7.75,2.08,4.25,10.34,14.92,18.33,7.52,9.63,11.10,9.60,30.49
54,16.77,16.37,16.07,13.42,12.97,12.19,10.86,13.31,13.32,10.83,12.00,11.02,9.95,9.16,7.80,9.43,10.07,7.70,10.94,7.62,8.19,8.31,7.30,8.17,6.74,7.93,7.50,7.96,7.63,6.01,7.10,5.65,8.13,6.50,7.27,14.11,5.83,5.71,6.28,5.59,4.91,7.82,4.84,4.03,3.24,3.32,4.72,4.91,2.57,3.91,6.68,5.04,3.00,0.00,7.02,4.15,6.33,3.14,7.20,1.84,9.93,3.26,13.48,7.84,7.30,8.08,4.16,8.21,5.24,8.35,7.08,6.10,6.52,11.93,10.41,8.83,12.73,7.27,16.40,11.61,16.26,10.03,11.31,28.01,21.91,21.22,18.63,14.61,14.80,12.07,11.41,11.11,10.24,11.42,14.70,10.24,9.01,8.03,9.18,7.14,7.24,5.67,13.40,3.93,7.84,6.63,2.86,9.52,3.20,4.09,5.95,3.44,9.27,1.81,2.47,20.96,5.49,1.83,6.12,3.66,5.24,11.33,14.99,18.40,7.14,9.24,12.10,9.21,28.86
55,15.67,15.27,14.98,12.32,15.81,16.02,14.00,17.14,12.23,14.66,10.91,11.01,12.79,12.99,10.64,9.42,14.30,9.79,15.81,11.80,7.10,8.85,9.19,8.73,11.37,7.92,6.82,8.49,12.72,12.14,7.08,10.82,14.25,7.03,14.25,9.41,5.94,6.24,6.81,6.13,11.15,14.30,11.32,9.49,7.93,6.21,4.93,11.38,7.45,10.38,13.16,11.52,5.17,8.42,0.00,4.74,3.06,5.42,13.67,7.08,16.41,6.18,9.42,6.33,13.37,14.55,8.02,12.56,9.58,13.35,11.43,10.45,10.87,18.40,8.90,7.30,11.22,11.61,14.29,10.10,14.72,14.38,15.66,34.49,20.99,20.12,17.54,13.68,16.39,15.90,11.40,10.18,10.91,10.32,18.70,10.23,11.86,10.88,8.25,11.83,11.88,11.85,8.70,10.51,14.32,13.11,9.34,4.82,9.68,5.59,2.45,9.92,4.57,8.32,5.46,15.40,3.68,8.14,12.60,5.67,5.97,9.82,12.88,16.29,11.49,13.59,10.59,13.56,35.33
56,14.89,14.48,14.19,11.54,13.39,13.61,11.58,14.73,11.44,12.25,10.12,9.04,10.38,10.58,8.23,7.44,11.88,7.38,13.39,9.38,6.31,6.43,6.78,6.32,8.96,5.95,5.56,6.08,10.31,8.97,5.11,8.41,11.84,4.62,10.23,11.04,3.94,3.83,4.40,3.71,7.87,10.77,7.80,7.08,4.36,3.08,1.65,7.86,3.93,6.86,9.64,8.00,1.65,4.93,4.04,0.00,1.75,1.06,10.15,3.26,12.89,1.82,11.05,5.64,9.02,11.03,3.66,8.20,5.22,9.00,7.07,6.09,6.51,14.88,8.22,6.64,10.53,7.26,14.20,9.41,14.06,10.02,11.30,29.00,19.98,19.34,16.75,12.67,13.97,13.49,9.43,9.17,8.94,9.54,16.29,8.26,9.45,8.47,7.24,9.41,9.46,8.62,10.33,6.89,10.80,9.59,5.82,6.45,6.16,1.80,2.88,6.40,6.20,4.80,1.93,17.03,1.57,4.40,9.08,1.31,3.04,9.13,12.80,16.21,7.13,9.23,9.90,9.20,29.85
57,15.26,14.86,14.57,11.91,15.05,15.26,13.24,16.39,11.82,13.91,10.50,10.26,12.04,12.24,9.89,8.66,13.54,9.04,15.05,11.04,6.69,8.09,8.44,7.98,10.62,7.16,6.06,7.74,11.96,11.38,6.33,10.06,13.50,6.28,12.31,9.85,5.18,5.49,6.05,5.37,9.95,12.85,9.88,8.74,6.44,5.45,3.37,9.94,6.01,8.94,11.72,10.08,3.73,6.98,2.86,2.10,0.00,2.93,12.23,5.64,14.97,3.69,9.87,5.96,10.89,13.11,5.36,10.07,7.09,10.86,8.94,7.96,8.38,16.96,8.54,6.93,10.85,9.13,14.73,9.74,14.36,11.89,13.17,30.87,20.58,19.71,17.13,13.27,15.63,15.15,10.65,9.77,10.16,9.91,17.95,9.48,11.11,10.13,7.84,11.07,11.12,11.09,9.14,8.97,12.88,11.67,7.90,5.26,8.24,3.88,1.69,8.48,5.02,6.88,4.01,15.84,1.18,6.70,11.16,3.01,5.61,9.46,13.32,16.73,9.00,11.10,10.22,11.07,31.71
58,15.82,15.42,15.12,12.47,14.33,14.54,12.52,15.66,12.37,13.18,11.05,9.97,11.31,11.51,9.16,8.38,12.82,8.31,14.33,10.32,7.25,7.37,7.71,7.25,9.89,6.88,6.49,7.01,11.17,9.55,6.05,9.19,11.67,5.55,10.81,11.71,4.88,4.76,5.33,4.65,8.45,11.36,8.38,7.56,4.26,2.99,2.59,8.44,3.83,7.44,10.22,8.58,1.38,3.92,4.71,1.06,2.58,0.00,10.73,2.25,13.47,0.81,11.20,5.55,8.00,11.03,3.08,7.19,4.21,7.98,6.06,5.08,5.50,15.23,8.13,6.55,10.44,6.24,14.12,9.32,13.97,9.01,10.29,27.99,20.91,20.27,17.69,13.60,14.91,14.42,10.36,10.10,9.87,10.47,17.22,9.19,10.38,9.40,8.17,10.35,10.40,9.21,10.99,7.47,11.38,10.17,6.40,7.12,6.74,2.74,3.55,6.98,6.87,5.13,1.84,17.69,2.40,3.39,9.66,1.37,2.96,9.04,12.71,16.12,6.12,8.22,9.81,8.19,28.83
59,20.79,20.39,20.10,17.44,14.63,11.83,12.52,13.80,17.65,10.48,16.33,13.82,10.15,9.25,9.46,12.23,8.61,9.36,8.72,8.37,12.53,10.58,8.96,9.83,7.48,10.64,11.11,10.40,6.71,6.76,9.76,7.31,7.24,8.87,6.38,19.79,10.20,9.34,9.52,9.73,6.57,5.92,4.58,5.69,6.87,8.21,10.40,3.89,6.37,4.68,2.65,3.15,8.67,7.14,12.79,10.02,11.64,9.87,0.00,9.50,4.51,10.27,19.80,14.91,3.30,2.55,9.17,4.20,7.00,2.82,5.24,9.69,7.11,6.40,17.49,15.91,19.80,6.11,23.47,18.68,22.22,9.37,10.65,22.48,24.82,25.93,22.66,17.51,16.46,11.72,13.69,14.01,11.90,15.75,11.48,13.04,9.22,9.69,12.08,7.89,7.99,5.96,19.08,5.59,4.53,4.74,5.57,15.20,4.76,8.98,11.63,4.12,14.95,6.02,8.37,25.77,11.40,8.64,2.13,10.82,12.31,18.40,22.07,25.48,6.07,4.93,19.17,4.89,23.33
60,17.97,17.56,17.27,14.62,15.44,14.66,13.33,15.78,14.52,13.31,13.20,12.44,12.42,11.64,10.28,10.85,12.55,10.17,13.42,10.10,9.39,9.84,10.18,9.72,9.21,9.35,8.69,9.49,10.10,8.49,8.52,8.12,10.61,8.03,9.75,14.18,7.35,7.24,7.80,7.12,7.39,10.29,7.32,6.50,4.70,4.51,5.06,7.38,4.19,6.38,9.16,7.52,3.85,2.85,5.87,3.54,5.17,2.52,9.99,0.00,12.41,2.04,12.33,6.68,7.18,10.21,2.32,6.36,3.39,7.16,5.23,4.26,4.68,14.41,9.26,7.68,11.57,5.43,15.24,10.45,15.10,8.19,9.47,27.16,23.11,22.41,19.83,15.81,17.38,14.54,12.84,12.30,12.35,12.62,17.17,11.67,11.49,10.51,10.37,9.62,9.72,8.14,13.47,6.41,10.32,9.11,5.34,9.59,5.67,5.21,6.02,5.92,9.34,4.07,3.02,19.81,4.88,2.32,8.60,2.59,4.08,10.17,13.84,17.25,5.29,7.40,10.94,7.36,28.01
61,23.46,23.05,22.76,20.11,17.29,14.40,15.18,11.71,20.32,11.92,19.00,16.49,13.48,11.67,12.13,14.90,10.82,12.03,8.07,11.03,15.19,13.25,11.62,12.50,10.15,13.30,13.77,13.06,9.53,9.43,12.43,9.97,7.55,11.54,7.44,22.60,12.86,12.00,12.18,12.53,9.24,6.59,7.24,8.35,9.68,11.01,13.21,6.56,9.18,7.49,4.73,5.15,11.48,9.94,15.60,12.83,14.45,14.89,4.41,14.53,0.00,14.41,22.61,19.04,9.02,4.88,13.31,9.90,11.13,8.80,9.36,14.22,11.55,5.79,21.62,19.39,23.94,10.71,28.92,21.09,23.12,10.27,11.55,23.38,27.48,28.60,25.32,20.18,19.13,14.05,16.35,16.67,14.56,18.42,9.39,15.71,12.55,12.36,14.74,10.56,10.65,8.62,21.88,8.26,6.59,7.40,8.24,18.01,7.42,11.79,14.44,6.93,17.76,8.83,11.18,28.58,14.20,11.44,7.06,14.95,16.45,22.54,28.21,30.65,10.83,7.11,23.30,7.71,24.23
62,16.66,16.25,15.96,13.31,15.16,15.38,13.35,16.50,13.21,14.02,11.89,10.81,12.15,12.35,10.00,9.22,13.04,9.15,13.91,10.59,8.08,8.20,8.55,8.09,9.71,7.72,7.33,7.85,10.60,8.98,6.88,8.62,11.10,6.39,10.24,12.54,5.72,5.60,6.17,5.48,7.88,10.79,7.81,7.00,5.19,3.82,3.42,7.87,4.69,6.88,9.65,8.01,2.21,3.35,4.17,1.90,3.48,0.89,10.16,1.68,12.90,0.00,10.63,4.98,7.44,10.46,2.52,6.62,3.64,7.41,5.49,4.51,4.93,14.66,7.56,5.98,9.87,5.68,13.55,8.76,13.40,8.44,9.72,27.42,21.75,21.11,18.52,14.44,15.75,15.26,11.20,10.94,10.71,11.31,17.67,10.03,11.22,10.24,9.01,10.11,10.21,8.64,11.83,6.90,10.81,9.60,5.83,7.95,6.17,3.57,4.38,6.41,7.70,4.57,2.67,18.11,3.24,2.82,9.09,0.81,2.39,8.48,12.14,15.55,5.55,7.65,9.24,7.62,28.26
63,20.01,19.61,19.31,16.66,22.00,22.21,20.19,23.33,14.67,20.85,15.29,15.84,18.98,19.18,16.83,14.53,20.49,15.98,22.00,17.99,13.23,15.04,15.38,14.92,17.56,14.11,11.61,14.68,18.91,18.33,13.27,17.01,20.44,13.22,20.44,6.64,12.13,12.43,13.00,12.32,17.34,20.49,17.51,15.68,14.12,12.40,11.12,17.57,13.64,16.57,19.35,17.71,11.36,13.65,8.93,10.93,9.86,11.19,19.86,11.99,22.60,10.71,0.00,7.94,17.73,20.76,12.16,16.91,13.94,17.71,15.78,14.81,15.23,25.34,5.16,7.47,3.87,15.97,6.07,5.01,7.70,18.49,19.77,40.26,26.66,22.76,20.18,20.41,23.64,22.09,16.23,15.50,15.74,17.69,24.89,15.06,18.05,17.07,13.57,18.02,18.07,18.04,6.05,16.70,20.51,19.30,15.53,7.45,15.87,11.78,8.64,16.11,6.61,14.51,11.65,8.53,10.48,13.13,18.79,10.25,9.75,2.52,4.66,8.07,15.84,17.95,3.37,17.91,41.11
64,20.86,20.45,20.16,17.51,19.79,20.00,17.97,21.12,17.41,18.64,16.09,15.43,16.77,16.97,14.62,13.84,18.27,13.77,19.43,16.11,12.28,12.82,13.17,12.71,15.22,12.34,11.65,12.47,16.11,14.50,11.51,14.13,16.62,11.01,15.76,12.67,10.34,10.22,10.79,10.10,13.40,16.30,13.33,12.51,10.71,9.34,8.05,13.39,10.20,12.39,15.17,13.53,7.73,8.86,6.75,6.52,6.05,6.40,15.68,7.19,18.42,5.92,7.37,0.00,12.94,15.96,7.36,12.12,9.15,12.92,10.99,10.01,10.43,20.16,4.29,4.17,6.61,11.18,10.28,5.49,8.95,13.94,15.23,32.92,26.17,25.31,22.72,18.86,20.37,19.88,15.82,15.36,15.33,15.51,23.18,14.65,15.84,14.86,13.43,15.63,15.73,14.15,11.96,12.42,16.33,15.12,11.35,10.86,11.69,8.19,7.29,11.93,10.61,10.08,8.19,14.85,6.98,8.34,14.61,5.46,4.96,5.21,8.87,12.28,11.05,13.16,5.98,13.12,33.77
65,21.23,20.82,20.53,17.87,15.06,12.27,12.95,12.63,18.09,10.91,16.77,14.26,10.59,9.69,9.90,12.66,10.06,9.79,10.48,8.80,12.96,11.01,9.39,10.27,7.92,11.07,11.54,10.83,7.14,7.19,10.20,7.74,7.67,9.31,6.81,19.37,10.63,9.77,9.95,10.16,7.01,6.36,5.01,6.12,7.31,8.64,10.25,4.32,6.81,5.11,5.22,3.58,9.04,7.57,11.06,8.73,10.37,7.71,3.56,7.36,8.47,7.24,17.52,11.87,0.00,4.44,6.13,1.19,3.96,2.01,2.54,6.65,4.98,8.29,14.45,12.87,16.76,5.03,20.44,15.65,18.54,7.52,8.80,24.37,25.25,26.36,23.09,17.94,16.90,12.15,14.12,14.44,12.33,16.18,13.24,13.48,9.65,10.13,12.51,8.32,8.42,6.39,18.66,6.03,6.38,5.17,6.01,14.78,5.19,9.42,11.21,4.56,14.53,6.46,8.84,25.00,10.07,8.15,2.48,7.78,9.28,15.37,19.03,22.44,4.20,3.79,16.13,3.76,25.22
66,22.55,22.15,21.85,19.20,16.38,16.78,14.27,14.08,19.41,12.24,18.09,15.58,11.91,11.01,11.22,13.99,11.39,11.12,10.45,10.13,14.28,12.34,10.71,11.59,9.24,12.39,12.86,12.15,8.46,8.52,11.52,9.07,9.00,10.63,8.14,21.55,11.95,11.09,11.28,11.49,8.33,7.68,6.34,7.44,8.63,9.97,12.16,5.65,8.13,6.44,6.55,4.91,10.43,8.89,14.55,11.78,13.40,12.12,3.33,11.77,4.81,11.65,21.56,16.28,5.06,0.00,10.54,4.67,8.37,3.91,6.60,11.46,8.79,3.85,18.86,16.63,21.17,7.95,26.16,18.33,20.36,7.51,8.79,20.62,26.57,27.69,24.41,19.27,18.22,16.43,15.44,15.77,13.65,17.51,11.76,14.80,10.98,11.45,13.84,9.65,9.75,7.71,20.83,7.35,7.71,6.50,7.33,16.96,6.52,10.74,13.39,5.88,16.71,7.78,10.13,27.53,13.15,10.39,3.88,12.19,13.69,19.77,25.44,27.89,8.07,4.35,20.54,4.95,21.47
67,18.45,18.05,17.76,15.10,16.72,15.94,14.61,17.07,15.01,14.59,13.69,12.61,13.70,12.92,11.56,11.01,13.83,10.95,14.70,11.38,9.88,10.00,10.34,9.88,10.49,9.52,9.12,9.65,11.38,9.77,8.68,9.40,11.89,8.19,11.03,14.45,7.51,7.40,7.96,7.28,8.67,11.57,8.60,7.78,5.98,5.79,5.22,8.66,5.47,7.66,10.44,8.80,4.41,4.13,5.75,3.70,5.06,3.09,9.18,2.82,14.20,2.61,12.21,6.56,6.37,9.40,0.00,5.56,2.39,6.35,4.43,2.46,3.34,13.22,9.14,7.56,11.45,3.62,15.13,10.34,14.98,6.38,7.67,26.36,23.54,22.90,20.32,16.24,17.54,15.83,13.00,12.74,12.51,13.10,18.46,11.83,12.77,11.79,10.81,10.90,11.00,9.42,13.74,7.69,11.60,10.39,6.62,9.86,6.96,5.37,6.29,7.20,9.61,5.35,4.30,19.69,4.86,3.61,8.33,2.38,3.97,10.05,13.72,17.13,4.49,6.59,10.82,6.56,27.20
68,21.90,21.50,21.21,18.55,15.74,12.95,13.63,13.31,18.76,11.59,17.44,14.93,11.26,10.36,10.57,13.34,10.74,10.47,11.16,9.48,13.64,11.69,10.07,10.95,8.59,11.75,12.22,11.51,7.82,7.87,10.87,8.42,8.35,9.98,7.49,18.80,11.97,10.45,10.63,11.74,7.68,7.03,5.69,6.80,7.98,9.76,9.68,5.00,7.48,5.79,5.90,4.26,8.47,8.10,10.49,8.16,9.80,7.14,4.23,6.79,8.62,6.67,16.95,11.30,1.38,3.81,5.56,0.00,3.39,1.36,1.97,6.08,4.41,7.65,13.88,12.30,16.19,4.46,19.87,15.08,17.97,6.95,8.23,22.99,25.93,27.04,23.77,18.62,17.57,12.83,14.80,15.12,13.01,16.86,13.92,14.15,10.33,10.80,13.19,9.00,9.10,7.07,18.09,6.71,7.06,5.85,6.68,14.21,5.87,9.83,10.64,5.23,13.96,7.13,8.27,24.43,9.50,7.58,3.16,7.21,8.71,14.79,18.46,21.87,3.63,3.22,15.56,3.19,23.83
69,20.26,19.86,19.57,16.91,17.73,16.96,15.63,21.66,16.81,15.60,15.49,14.11,14.72,13.93,12.57,12.52,15.05,12.47,15.47,12.39,11.69,11.51,11.85,11.39,11.51,11.02,10.99,11.15,12.12,10.78,10.19,10.42,12.66,9.69,11.80,15.85,9.02,8.90,9.47,8.79,9.68,11.34,9.61,8.79,6.99,6.81,6.73,9.31,6.49,8.67,10.21,8.57,5.52,5.15,7.28,5.20,6.59,4.19,6.99,3.83,12.39,3.71,13.74,8.09,4.18,7.21,2.39,3.37,0.00,4.16,2.24,2.89,1.50,11.41,10.67,9.09,12.98,2.50,16.65,11.86,14.78,5.36,6.65,24.17,25.41,24.71,22.13,18.10,19.05,16.84,14.50,14.60,14.01,14.91,19.34,13.33,13.78,12.80,12.67,11.91,12.01,10.44,15.13,8.70,11.37,10.16,7.63,11.26,7.97,6.88,7.69,8.21,11.01,6.37,5.31,21.22,6.54,4.62,6.14,3.91,5.50,11.58,15.25,18.66,2.30,4.40,12.35,4.37,25.01
70,22.05,21.64,21.35,18.69,15.88,13.09,13.77,17.13,18.91,11.73,17.59,15.08,11.41,10.51,10.72,13.48,10.88,10.61,11.30,9.62,13.78,11.83,10.21,11.09,8.74,11.89,12.36,11.65,7.96,8.01,11.02,8.56,8.49,10.13,7.63,19.59,11.45,10.59,10.77,10.98,7.83,7.18,5.83,6.94,8.13,9.46,10.47,5.14,7.63,5.93,6.04,4.40,9.26,8.89,11.28,8.95,10.58,7.93,2.83,7.58,7.85,7.45,17.74,12.09,2.19,3.04,6.35,1.36,4.18,0.00,2.42,6.87,4.29,6.89,14.67,13.09,16.98,3.29,20.65,15.86,18.69,5.84,7.12,22.98,26.07,27.18,23.91,18.76,17.72,12.97,14.94,15.26,13.15,17.00,14.81,14.30,10.47,10.95,13.33,9.14,9.24,7.21,18.88,6.85,7.20,5.99,6.83,15.00,6.01,10.24,11.43,5.38,14.75,7.28,9.05,25.22,10.29,8.36,3.38,8.00,9.49,15.58,19.25,22.66,3.25,2.11,16.35,2.08,23.82
71,21.78,21.37,21.08,18.43,18.30,15.50,16.19,19.92,18.33,14.15,17.01,15.93,13.82,12.92,13.13,14.34,13.30,13.03,13.72,12.04,13.20,13.32,12.63,13.21,11.15,12.84,12.45,12.97,10.38,10.43,12.00,10.98,10.91,11.51,10.05,17.66,10.84,10.72,11.29,10.60,10.24,9.59,8.25,9.36,8.81,8.63,8.54,7.56,8.31,8.35,8.46,6.82,7.33,6.97,9.35,7.02,8.66,6.01,5.25,5.65,10.64,5.53,15.81,10.17,2.78,5.46,4.43,1.97,2.25,2.42,0.00,4.47,2.10,9.66,12.74,11.16,15.06,1.95,18.73,13.94,15.44,4.18,5.47,22.42,26.87,26.23,23.64,19.56,20.13,15.39,16.32,16.06,15.83,16.43,17.59,15.15,12.89,13.36,14.13,11.56,11.66,9.63,16.95,9.26,9.62,8.41,9.24,13.07,8.43,8.69,9.50,7.79,12.82,8.19,7.13,23.29,8.36,6.44,5.80,6.07,7.57,13.66,17.32,20.73,1.12,2.65,14.42,2.62,23.27
72,20.42,20.01,19.72,17.07,17.89,17.11,15.78,18.24,16.97,15.76,15.65,14.27,14.87,14.09,12.73,12.68,15.00,12.63,18.75,12.55,11.84,11.66,12.01,11.55,11.66,11.18,11.14,11.31,12.56,10.94,10.35,10.58,13.06,9.85,12.20,16.00,9.18,9.06,9.63,8.94,9.84,12.74,9.77,8.95,7.15,6.96,6.88,9.83,6.65,8.83,11.61,9.97,5.67,5.31,7.44,5.36,6.74,4.35,8.97,3.99,13.11,3.87,13.90,8.25,6.16,9.18,1.79,5.34,3.03,6.14,3.75,0.00,2.25,12.13,10.82,9.24,13.14,2.54,16.81,11.25,13.28,5.30,6.58,27.06,25.56,24.87,22.28,18.26,19.21,17.00,14.66,14.76,14.17,15.07,20.07,13.49,13.94,12.96,12.83,12.07,12.17,10.60,15.29,8.86,12.77,11.56,7.79,11.41,8.13,7.03,7.84,8.37,11.16,6.52,5.47,21.38,6.70,4.78,8.11,4.07,5.65,11.74,15.40,20.81,3.36,6.38,12.51,6.34,27.91
73,21.25,20.84,20.55,17.90,19.02,18.25,16.92,20.87,17.80,16.89,16.48,15.40,16.00,15.22,13.86,13.81,16.07,13.76,17.23,13.68,12.67,12.79,13.14,12.68,12.80,12.31,11.92,12.44,13.15,12.07,11.47,11.71,13.68,10.98,12.82,17.13,10.31,10.19,10.76,10.07,10.97,12.37,11.02,10.08,8.28,8.10,8.01,10.33,7.78,9.96,11.23,9.59,6.80,6.44,8.82,6.49,8.13,5.48,8.02,5.12,11.59,5.00,15.28,9.64,5.21,8.23,3.38,4.39,1.50,5.19,2.10,2.98,0.00,10.61,12.21,9.97,14.53,1.02,18.20,11.67,13.70,3.78,5.06,25.54,26.34,25.70,23.11,19.03,20.34,18.13,15.79,15.53,15.30,15.90,18.55,14.62,15.07,14.09,13.60,13.20,13.30,11.73,16.42,9.99,12.39,11.18,8.92,12.54,9.26,8.16,8.97,9.50,12.29,7.66,6.60,22.76,7.83,5.91,7.16,5.66,7.04,13.13,16.79,21.23,1.51,5.43,13.89,5.39,26.39
74,25.57,25.17,24.88,22.22,19.41,17.71,17.30,15.01,22.44,15.23,21.12,18.61,14.94,14.03,14.25,17.01,14.13,14.14,11.38,13.15,17.31,15.36,13.74,14.62,12.27,15.42,15.89,15.18,11.49,11.54,14.55,12.09,11.78,13.66,11.16,24.57,14.98,14.12,14.30,14.51,11.36,9.91,9.36,10.47,11.66,12.99,15.18,8.67,11.16,9.46,8.05,7.93,13.46,11.92,17.27,14.94,16.57,13.92,6.36,13.57,5.74,13.44,23.73,18.08,8.09,3.94,12.34,8.93,10.17,6.94,8.39,13.25,10.58,0.00,20.66,18.43,22.97,9.75,27.96,20.13,22.16,9.31,8.82,17.52,29.60,30.71,27.44,22.29,21.24,17.36,18.47,18.79,16.68,20.53,12.69,17.83,14.00,14.48,16.86,12.67,12.77,10.74,23.86,10.38,9.91,9.52,10.36,19.98,9.54,13.77,16.41,8.91,19.73,10.80,13.16,33.51,16.28,14.35,6.91,13.99,15.48,21.57,27.24,29.69,9.87,6.15,22.34,6.75,18.36
75,22.67,22.27,21.98,19.32,21.60,21.81,19.79,22.94,18.18,20.46,17.91,17.25,18.59,18.79,16.44,15.65,20.09,15.59,21.24,17.92,14.10,14.64,14.98,14.53,17.04,14.16,13.47,14.29,17.93,16.31,13.32,15.95,18.43,12.83,17.58,10.39,12.15,12.04,12.60,11.92,15.21,18.12,15.14,14.33,12.52,11.16,9.86,15.21,12.02,14.21,16.98,15.35,9.54,10.68,8.56,8.34,7.87,8.22,17.50,9.01,20.23,7.74,5.09,4.96,14.76,17.78,9.18,13.94,10.96,14.74,12.81,11.83,12.25,21.60,0.00,4.50,2.97,13.00,6.65,1.28,4.79,14.75,16.03,34.74,27.98,27.12,24.54,20.68,22.18,21.70,17.64,17.18,17.15,17.32,25.00,16.47,17.66,16.68,15.25,17.44,17.54,15.97,9.67,14.24,18.14,16.93,13.17,12.67,13.50,10.01,9.10,13.75,9.65,11.90,10.00,11.21,8.79,10.15,16.42,7.28,6.78,2.93,5.24,8.65,12.87,14.97,2.34,14.94,35.59
76,19.93,19.53,19.23,16.58,19.72,19.93,17.91,21.05,16.48,18.57,15.16,14.92,16.70,16.90,14.55,13.33,18.21,13.70,19.72,15.71,11.36,12.76,13.10,12.64,15.26,11.83,10.72,12.40,16.15,14.53,11.00,14.17,16.65,10.94,15.79,14.52,9.85,10.15,10.72,10.04,13.43,16.34,13.36,12.55,10.74,10.12,8.03,13.43,10.24,12.43,15.20,13.56,7.76,8.90,5.82,6.56,5.13,6.44,15.71,7.23,19.47,5.96,7.43,5.25,12.97,17.57,7.40,12.16,9.18,12.95,11.03,9.57,10.47,18.49,4.35,0.00,6.67,11.21,10.34,5.82,7.85,11.64,12.92,33.41,25.24,24.38,21.80,17.93,20.30,19.81,15.31,14.43,14.82,14.58,26.42,14.14,15.77,14.79,12.50,15.66,15.76,14.19,13.81,12.45,16.36,15.15,11.38,9.93,11.72,8.55,6.36,11.96,9.68,10.12,8.22,14.91,6.05,8.37,14.64,5.50,5.00,5.27,8.93,15.39,11.09,14.40,6.04,13.16,34.26
77,22.98,22.58,22.29,19.63,24.51,24.72,22.70,25.84,17.65,23.37,18.26,18.36,21.50,21.70,19.35,17.04,23.00,18.50,24.51,20.20,15.75,17.55,17.89,17.43,19.32,16.62,14.13,17.20,20.21,18.60,15.79,18.23,20.71,15.74,19.86,9.85,14.64,14.95,15.51,14.83,17.49,20.40,17.42,16.61,14.81,13.44,12.14,17.49,14.30,16.49,19.26,17.63,11.83,12.96,10.84,10.62,10.15,10.50,19.78,11.29,23.98,10.02,3.79,7.24,17.04,20.06,11.46,16.22,13.24,17.02,15.09,14.11,14.53,23.00,2.82,6.78,0.00,15.28,3.76,2.67,4.27,16.15,17.43,37.92,29.63,25.74,23.15,21.51,25.09,24.61,18.75,18.01,18.26,18.97,27.28,17.58,20.57,19.58,16.08,19.73,19.82,18.25,9.14,16.52,20.42,19.21,15.45,9.96,15.78,12.29,11.15,16.03,9.12,14.18,12.29,8.33,11.07,12.43,18.70,9.56,9.06,4.38,2.35,5.76,15.15,17.25,1.43,17.22,38.77
78,22.29,21.89,21.60,18.94,19.77,16.38,17.66,20.03,18.85,15.02,17.53,16.15,14.70,13.79,14.60,14.55,14.17,14.50,16.40,12.91,13.72,13.54,13.88,13.42,12.03,13.06,13.02,13.19,11.25,11.30,12.22,12.45,11.78,11.73,10.92,17.88,11.05,10.94,11.50,10.82,11.71,10.47,9.12,10.83,9.03,8.84,8.76,8.43,8.52,9.22,9.33,7.69,7.55,7.18,9.31,7.24,8.62,6.22,6.12,5.86,10.76,5.74,15.77,10.12,5.27,6.33,3.67,4.46,2.50,3.29,1.95,3.27,1.02,9.78,12.70,9.78,15.01,0.00,19.31,11.47,13.50,2.95,4.23,24.71,27.44,26.74,24.16,20.13,21.08,16.26,16.54,16.63,16.05,16.94,17.71,15.37,13.76,14.83,14.70,12.43,12.53,10.50,17.17,10.74,10.49,9.28,9.67,13.29,10.00,8.91,9.72,8.67,13.04,8.40,7.34,24.86,8.58,6.65,6.67,5.95,7.53,13.62,17.28,21.04,0.84,3.53,14.38,3.49,25.55
79,23.36,22.96,22.67,20.01,26.93,27.14,25.11,28.26,18.02,25.78,18.64,20.77,23.91,24.11,21.76,19.46,25.41,20.91,26.93,22.91,18.16,19.96,20.31,19.85,22.49,19.04,16.54,19.61,23.84,22.28,18.20,21.94,25.37,18.15,23.54,12.27,17.05,17.36,17.93,17.24,21.17,24.08,21.11,20.61,18.49,17.32,16.05,21.17,17.98,20.17,22.95,21.31,15.51,16.64,13.86,14.30,13.83,14.18,23.46,14.97,28.36,13.70,6.20,10.92,20.72,26.46,15.14,19.90,16.93,20.70,18.77,18.47,18.21,27.38,6.50,10.46,3.77,18.96,0.00,6.36,6.41,20.53,21.81,42.30,30.01,26.12,23.53,23.77,26.99,27.02,21.16,20.43,20.67,21.04,29.82,19.99,22.98,22.00,18.50,22.95,22.99,21.93,11.56,20.20,24.11,22.90,19.13,12.37,19.46,16.71,13.57,19.71,11.54,17.86,16.57,6.80,14.76,16.11,22.39,13.24,12.74,6.79,1.41,3.09,18.83,20.93,5.11,20.90,43.15
80,23.87,23.47,23.17,20.52,22.80,23.01,20.99,24.13,19.72,21.65,19.10,18.44,19.79,19.98,17.63,16.85,21.29,16.78,22.44,19.12,15.29,15.84,16.18,15.72,18.23,15.35,14.66,15.48,19.13,17.51,14.52,17.15,19.63,14.02,18.77,11.11,13.35,13.23,13.80,13.12,16.41,19.32,16.34,15.52,13.72,12.35,11.06,16.40,13.22,15.40,18.18,16.54,10.74,11.88,9.76,9.53,9.06,9.42,18.69,10.21,21.78,8.94,5.04,6.16,15.95,19.88,10.38,15.14,12.16,15.93,14.00,11.89,13.45,20.80,1.43,5.70,2.71,14.19,6.38,0.00,4.52,13.95,15.24,35.73,29.18,27.81,25.22,21.87,23.38,22.89,18.83,18.37,18.34,18.52,28.74,17.66,18.85,17.87,16.44,18.64,18.74,17.17,10.40,15.43,19.34,18.13,14.36,11.22,14.70,11.21,10.30,14.94,10.38,13.09,11.20,10.94,9.99,11.35,17.62,8.47,7.97,3.90,4.97,8.38,14.06,16.17,2.07,16.13,36.58
81,26.86,26.46,26.16,23.51,27.28,27.49,25.47,32.40,21.52,26.14,22.73,22.48,24.27,24.47,22.11,20.89,25.77,21.26,28.76,23.27,18.92,20.32,20.66,20.20,22.82,19.39,18.29,19.96,23.71,22.09,18.56,21.73,24.21,18.50,23.36,13.73,17.41,17.72,18.28,17.60,20.99,23.90,20.92,20.11,18.30,17.68,15.59,20.99,17.80,19.99,22.76,21.13,15.32,16.46,13.38,14.12,12.69,14.00,22.35,14.79,23.13,13.52,7.66,9.44,19.39,21.23,14.96,18.58,16.26,19.75,17.11,13.24,15.49,22.15,4.71,8.01,5.13,14.74,6.92,4.54,0.00,15.30,16.58,37.08,32.80,29.61,27.03,25.50,27.86,27.37,22.87,21.99,22.38,22.14,30.08,21.70,23.33,22.35,20.06,23.22,23.32,21.75,13.02,20.02,23.92,22.71,18.95,13.83,19.28,16.11,13.92,19.53,13.00,17.68,15.78,12.47,13.61,15.93,22.90,13.06,12.56,6.82,6.21,8.65,15.99,18.06,4.88,18.67,37.92
82,25.06,24.66,24.37,21.71,22.48,22.18,20.37,19.48,21.62,18.33,20.30,18.91,18.01,17.10,17.31,17.32,17.48,17.21,15.84,16.22,16.49,18.43,16.81,17.69,15.34,15.82,15.79,18.25,14.56,14.61,14.99,15.16,15.09,14.49,14.23,20.65,13.82,13.71,14.27,13.59,14.42,13.78,12.43,13.54,11.79,11.61,11.53,11.74,11.29,12.53,12.52,11.00,10.32,9.95,12.08,10.01,11.39,8.99,9.43,8.63,10.21,8.51,17.86,12.89,7.51,8.31,6.43,6.69,5.40,6.83,4.18,6.43,3.79,9.23,14.25,11.60,15.52,2.95,21.13,13.30,15.33,0.00,1.32,24.15,30.21,29.51,26.93,22.90,24.31,21.83,19.30,19.40,19.75,19.71,17.16,18.14,17.07,17.55,17.47,15.74,15.84,13.81,19.94,13.45,13.80,12.59,13.43,16.06,12.61,11.68,12.49,11.98,15.81,11.17,10.11,26.68,11.35,9.42,9.98,8.71,10.30,16.39,20.42,22.86,3.07,5.14,14.89,5.74,25.00
83,26.35,25.94,25.65,23.00,23.08,22.78,20.97,20.09,22.90,18.94,21.58,20.20,18.61,17.71,17.92,18.60,18.09,17.82,16.45,16.82,17.77,19.04,17.41,18.29,15.94,17.11,17.07,18.85,15.16,15.22,16.27,15.77,15.69,15.78,14.84,21.93,15.10,14.99,15.56,14.87,15.03,14.38,13.03,14.14,13.08,12.89,12.81,12.35,12.57,13.14,13.12,11.61,11.60,11.23,13.37,11.29,12.67,10.28,10.03,9.92,10.81,9.80,19.15,14.18,8.32,8.91,7.72,7.50,6.68,6.40,5.47,7.71,5.07,8.82,15.53,12.89,16.81,4.24,22.41,14.58,16.61,1.32,0.00,20.13,31.49,30.80,28.21,24.19,24.92,22.43,20.59,20.68,20.35,21.00,17.77,19.42,17.68,18.15,18.75,16.35,16.45,14.41,21.22,14.05,14.40,13.19,14.03,17.34,13.21,12.96,13.77,12.58,17.09,12.45,11.40,27.96,12.63,10.70,10.58,10.00,11.58,17.67,21.70,24.15,4.35,4.72,16.18,5.32,20.97
84,41.69,41.28,40.99,38.34,35.52,35.24,33.41,32.54,38.55,31.38,37.23,34.72,31.05,30.15,30.36,33.13,30.53,30.26,28.90,29.27,33.42,31.48,29.85,30.73,28.38,31.53,32.00,31.29,27.60,27.66,30.66,28.21,28.13,29.77,27.28,40.58,31.09,30.23,30.42,30.63,27.47,26.82,25.47,26.58,27.77,29.11,31.46,24.79,27.27,25.58,25.68,24.05,29.57,28.03,32.27,29.94,31.58,28.92,22.47,28.57,23.26,28.44,38.73,33.08,24.20,21.35,27.34,23.93,25.17,22.84,23.40,28.25,25.58,17.51,35.66,33.43,37.97,24.75,42.96,35.13,37.16,24.31,20.15,0.00,45.71,46.83,43.55,38.41,37.36,34.89,34.58,34.91,32.79,36.65,30.22,33.94,30.12,30.59,32.97,28.79,28.89,26.85,39.87,26.49,26.84,25.64,26.47,35.99,25.65,29.88,32.42,25.02,35.74,26.92,29.27,48.51,31.28,29.35,23.02,28.99,30.49,36.57,42.24,44.69,24.87,21.15,37.34,21.75,1.31
85,8.20,7.79,7.36,10.66,19.68,21.26,15.21,24.14,12.63,21.67,12.64,13.56,18.81,20.00,16.49,14.88,21.30,16.42,22.81,19.49,14.65,17.20,17.00,16.83,19.06,15.62,14.60,16.46,20.41,19.86,15.11,19.11,21.95,16.29,21.94,19.97,16.45,16.50,16.45,16.83,20.50,23.24,21.26,19.18,18.88,18.72,18.64,22.01,19.76,21.44,25.01,23.37,20.48,20.99,20.98,20.11,20.82,21.05,25.67,21.30,28.26,21.80,25.78,24.09,25.77,26.55,23.62,27.66,24.69,26.82,26.53,25.56,25.98,30.40,26.66,25.06,28.44,26.73,30.64,27.86,32.48,29.49,30.77,46.48,0.00,4.98,6.25,8.92,15.14,21.98,14.79,11.97,15.09,13.62,25.70,13.99,18.83,18.57,13.07,19.56,19.57,19.54,21.37,20.78,23.26,22.48,19.93,19.58,20.81,19.31,19.06,21.78,21.43,20.88,20.18,24.65,21.13,22.37,24.59,21.30,23.03,26.32,29.23,30.87,26.59,28.70,27.93,28.66,47.33
86,6.00,4.89,6.08,8.44,20.82,22.41,16.36,25.29,9.29,22.81,9.29,14.70,19.95,21.14,17.63,16.02,22.44,17.57,23.95,20.63,13.34,18.34,18.14,17.97,20.21,16.76,14.10,17.61,21.55,21.01,16.26,20.25,23.09,17.43,23.08,16.17,17.59,17.64,17.60,17.97,21.64,24.38,22.41,20.32,20.02,17.48,17.07,23.16,19.30,22.58,26.15,24.51,19.24,20.61,19.44,18.54,19.28,19.47,26.81,20.06,29.40,20.23,22.89,22.55,26.91,27.69,22.38,26.43,23.45,27.96,25.29,24.32,24.74,31.54,25.13,23.52,26.31,25.49,26.25,27.45,30.13,28.25,29.53,47.62,5.00,0.00,3.13,9.05,16.28,23.12,15.93,11.46,16.23,10.75,26.85,15.13,19.98,19.72,14.21,20.70,20.71,20.68,17.57,21.93,24.41,23.62,21.07,19.08,21.96,17.73,17.53,22.92,20.08,20.50,18.94,20.85,19.56,21.13,25.74,19.72,21.45,24.19,25.49,27.07,25.35,27.46,25.80,27.43,48.47
87,3.52,2.40,3.60,5.95,18.41,20.00,13.95,22.88,6.80,20.40,6.81,11.51,17.54,18.73,15.22,12.83,20.03,15.16,21.54,18.22,10.86,15.93,15.73,15.56,17.80,13.57,11.61,14.42,19.15,18.60,13.05,17.84,20.68,14.23,20.67,13.68,14.39,14.44,14.39,13.80,19.24,21.97,20.00,17.12,16.82,15.00,14.58,20.75,16.81,19.38,22.95,21.31,16.75,18.12,16.96,16.05,16.79,16.98,23.61,17.57,26.20,17.74,20.40,20.07,23.71,24.49,19.90,23.94,20.97,24.74,22.81,21.83,22.25,28.34,22.64,21.03,23.82,23.00,23.76,24.96,27.65,25.76,27.05,44.42,7.59,2.58,0.00,8.33,13.88,20.71,13.52,8.97,13.82,8.27,24.44,11.94,17.57,17.31,11.01,18.29,18.30,18.27,15.08,18.14,22.00,21.21,17.87,16.59,18.75,15.24,15.04,19.72,17.60,18.02,16.45,18.36,17.07,18.64,22.54,17.23,18.97,21.71,23.00,24.58,22.87,24.97,23.32,24.94,45.27
88,6.48,6.06,5.64,5.00,12.23,13.81,7.76,16.69,6.99,14.22,6.99,6.11,11.36,12.55,9.04,7.43,13.85,8.97,15.36,12.04,7.20,9.75,9.55,9.38,11.61,8.17,7.15,9.01,12.96,12.41,7.66,11.65,14.49,8.84,14.49,13.57,9.00,9.05,9.01,9.38,13.05,15.79,13.81,11.73,11.43,11.27,11.19,14.56,12.31,13.99,17.56,15.92,13.03,13.54,13.53,12.66,13.37,13.60,18.22,13.85,20.81,14.36,18.33,16.64,18.32,19.10,16.17,20.22,17.24,19.37,19.08,18.11,18.53,22.95,19.21,17.61,20.99,19.28,23.19,20.41,25.03,22.04,23.32,39.03,8.49,9.05,8.33,0.00,7.69,14.53,7.34,4.52,7.64,6.17,18.25,6.54,11.38,11.12,5.62,12.11,12.12,12.09,14.97,13.33,15.81,15.03,12.48,12.13,13.37,11.86,11.61,14.33,13.99,13.43,12.73,18.25,13.69,14.92,17.15,13.85,15.58,18.87,21.78,24.46,19.14,21.25,20.48,21.21,39.88
89,11.76,11.36,11.06,8.41,7.59,12.19,2.82,15.27,10.39,12.59,10.39,5.98,9.73,10.92,7.41,7.48,12.22,7.35,13.73,10.41,10.60,8.12,7.92,7.75,9.99,8.37,10.55,8.23,11.33,10.79,9.52,10.03,12.87,9.33,12.86,16.99,10.75,10.12,10.08,10.85,11.42,14.16,12.19,11.65,12.14,11.79,12.27,12.94,13.73,13.33,16.90,15.26,13.54,14.57,15.27,13.74,15.10,14.67,17.56,14.37,20.15,15.43,21.73,18.37,17.66,18.44,16.69,18.56,17.76,18.71,19.60,18.62,19.04,22.29,20.95,19.34,23.27,19.79,26.59,22.15,26.77,22.55,23.84,38.37,14.97,16.08,13.62,7.26,0.00,12.90,5.71,7.92,6.01,9.57,16.63,6.72,9.76,9.50,9.02,10.48,10.49,10.46,18.39,11.71,14.19,13.40,12.28,15.53,12.71,12.93,13.67,13.67,17.02,13.70,13.24,21.67,14.76,15.43,16.49,14.92,16.66,21.87,25.18,27.89,19.66,20.82,22.63,20.78,39.22
90,18.18,17.78,17.49,14.83,9.84,0.38,7.73,4.11,16.82,1.69,16.81,9.84,3.84,3.51,6.47,8.90,3.51,7.02,5.03,5.31,13.21,8.60,6.98,7.85,5.78,9.30,11.79,8.41,5.48,6.21,10.44,6.93,5.17,9.51,5.97,20.61,10.87,10.02,10.20,10.97,7.94,6.98,8.10,9.94,12.26,11.55,12.39,8.59,11.76,11.37,8.65,9.75,13.30,12.61,15.39,13.86,15.23,14.80,10.82,14.13,13.99,15.49,22.00,18.50,12.16,16.39,16.45,13.07,17.52,13.21,15.63,18.39,23.03,17.28,21.07,19.47,23.39,22.20,26.86,22.27,26.89,21.75,23.04,34.87,21.39,22.51,20.05,13.69,12.35,0.00,9.31,12.18,7.79,12.87,7.47,8.96,4.39,5.22,11.15,5.05,6.16,6.98,19.90,8.24,6.98,8.52,10.32,17.40,10.74,13.06,13.79,11.71,17.15,11.74,13.00,26.59,14.88,14.11,10.99,15.05,17.47,21.99,25.45,28.86,22.31,18.59,22.76,19.20,35.71
91,11.51,11.11,10.82,8.16,6.63,8.31,3.29,11.19,8.47,8.71,7.63,1.31,5.85,7.04,3.54,2.07,8.34,3.47,9.86,6.53,5.82,4.24,4.04,3.87,6.11,3.66,4.78,4.35,7.46,6.91,4.73,6.15,8.99,5.46,8.98,16.75,5.77,5.82,5.78,6.15,7.55,10.28,8.31,7.78,8.15,8.04,7.97,9.06,9.85,9.46,13.02,11.38,9.80,10.69,10.30,9.44,10.14,10.37,13.68,10.62,16.27,11.13,16.17,13.41,13.78,14.56,12.95,14.69,14.02,14.83,15.86,14.88,15.30,18.41,15.99,14.38,18.30,16.05,21.04,17.18,21.81,18.81,20.09,34.50,14.72,15.84,13.38,7.02,5.68,9.02,0.00,4.35,2.14,5.04,12.75,1.32,5.88,5.62,4.72,6.61,6.61,6.59,12.78,7.83,10.31,9.52,8.40,9.98,8.83,8.63,8.39,9.79,12.06,9.82,9.50,21.43,10.46,11.69,12.61,10.62,12.35,16.90,19.63,23.04,15.92,16.94,17.67,16.91,35.34
92,6.98,6.58,6.29,3.63,10.98,12.11,7.98,15.98,4.35,13.50,4.34,3.79,11.63,11.83,7.34,4.12,13.13,7.27,14.64,10.63,3.80,7.15,8.03,7.15,10.21,5.10,3.75,6.80,11.56,10.97,4.26,9.66,13.09,5.43,13.08,11.84,5.60,5.65,5.60,5.98,9.99,14.38,10.77,8.33,8.03,7.87,7.79,11.67,8.91,10.59,14.16,12.52,9.62,10.14,10.13,9.26,9.97,10.20,14.82,10.45,17.41,10.95,14.93,13.24,14.92,15.70,12.77,16.81,13.84,15.97,15.68,14.71,15.12,19.55,15.81,14.21,17.59,15.87,19.79,17.01,21.63,18.64,19.92,35.63,11.98,11.43,8.85,4.67,7.91,14.74,4.35,0.00,4.61,1.58,17.54,3.23,10.70,9.72,2.22,10.66,10.71,10.69,11.53,9.35,14.41,13.61,9.07,8.73,9.96,8.45,8.21,10.92,10.58,10.03,9.32,16.52,10.28,11.51,13.74,10.45,12.18,15.47,18.38,21.79,15.74,17.85,17.08,17.81,36.48
93,11.37,10.97,10.68,8.02,6.07,7.50,4.02,10.38,8.74,7.90,7.89,2.17,5.04,6.23,2.72,2.14,7.53,2.66,9.04,5.72,6.09,3.43,3.23,3.06,5.29,3.73,4.85,3.54,6.64,6.09,4.80,5.34,8.18,4.64,8.17,13.56,6.06,5.43,5.39,6.16,6.73,9.47,7.50,6.96,7.45,7.10,7.58,8.25,9.04,8.64,12.21,10.57,8.85,9.88,10.58,9.05,10.41,9.98,12.87,9.67,15.46,10.74,17.18,13.68,12.97,13.75,12.00,13.87,13.07,14.02,14.91,13.93,14.35,17.60,16.26,14.65,18.58,15.10,22.05,17.46,22.08,17.86,19.15,33.68,15.45,16.57,13.24,7.75,6.41,8.21,2.56,4.62,0.00,5.31,11.94,1.39,5.07,4.80,4.98,5.79,5.80,5.77,12.85,7.02,9.50,8.71,7.59,10.05,8.02,8.24,8.98,8.98,12.33,9.01,8.55,20.91,10.07,10.74,11.80,10.23,11.97,17.18,20.64,24.05,14.97,16.13,17.94,16.09,34.53
94,6.27,5.87,5.58,2.92,11.67,12.80,8.23,15.68,3.64,13.20,3.31,4.70,10.35,11.53,8.03,4.81,12.84,7.96,14.35,11.00,5.32,6.93,8.53,7.59,10.57,6.40,5.32,7.24,11.92,11.34,5.84,10.37,13.45,7.01,13.45,11.13,7.18,7.22,7.18,7.56,12.01,14.75,12.77,9.90,9.60,9.46,9.05,13.24,10.49,12.17,15.73,14.09,11.22,11.71,11.42,10.52,11.26,11.45,16.39,12.04,18.98,12.21,17.85,14.53,16.49,17.27,14.36,18.41,15.43,17.54,17.28,16.30,16.72,21.12,17.11,15.50,21.27,17.47,21.21,18.31,22.93,20.23,21.51,37.21,12.92,10.72,8.14,6.32,9.56,13.52,5.04,1.58,5.31,0.00,17.24,3.92,10.37,10.08,3.80,11.10,11.08,11.05,12.53,12.05,14.77,13.99,10.65,10.31,11.54,9.71,9.51,12.50,12.06,11.61,10.92,15.81,11.54,13.11,15.32,11.70,13.43,19.16,20.45,22.03,17.34,19.44,20.77,19.41,38.05
95,21.84,21.44,21.15,18.49,13.58,6.77,11.48,4.08,20.48,5.70,19.92,13.50,7.93,6.41,9.37,12.03,5.56,9.93,4.09,8.21,16.11,11.50,9.88,10.76,8.68,12.20,14.69,11.32,7.61,9.11,13.35,9.83,6.46,12.42,7.31,23.51,13.78,12.92,13.10,13.88,10.84,8.32,9.44,12.85,15.17,14.45,15.29,9.93,14.67,12.72,9.02,10.12,16.21,15.51,18.29,16.76,18.13,17.70,11.85,17.03,9.93,18.39,24.90,21.40,13.46,12.34,20.74,17.33,18.56,16.23,16.79,21.65,18.98,13.22,23.97,22.37,26.29,18.15,29.76,25.17,30.55,17.70,18.98,30.81,25.05,26.16,23.71,17.35,17.58,6.42,13.06,17.24,11.45,16.53,0.00,12.61,7.29,8.12,15.31,7.95,9.06,9.88,22.80,11.14,8.32,9.86,13.22,20.30,12.66,15.96,16.69,12.16,20.05,14.06,15.91,29.49,17.79,17.01,12.29,17.95,20.37,24.89,28.35,31.76,18.26,14.54,25.66,15.14,31.66
96,9.99,9.58,9.29,6.64,7.30,8.88,4.31,11.76,7.35,9.29,6.51,0.93,6.43,7.61,4.11,0.89,8.92,4.04,10.43,7.08,4.70,3.01,4.62,3.67,6.65,2.48,3.60,3.32,8.00,7.42,3.55,6.45,9.53,4.42,9.53,12.31,4.59,4.64,4.60,4.97,8.09,10.83,8.85,7.29,6.97,6.86,6.78,9.60,7.87,9.75,13.32,11.68,8.62,9.10,9.12,8.25,8.96,9.19,13.98,9.44,16.57,9.95,14.99,12.23,14.08,14.86,11.76,15.81,12.83,15.13,14.67,13.70,14.12,18.71,14.80,13.20,17.12,14.87,19.86,16.00,20.63,17.63,18.91,34.79,14.01,15.13,11.85,6.71,6.70,9.60,1.32,3.23,1.39,3.92,13.32,0.00,6.45,6.16,3.60,7.18,7.16,7.13,11.60,8.13,10.85,10.07,8.70,8.80,9.13,7.45,7.21,10.09,10.88,8.99,8.32,19.53,9.28,10.51,12.91,9.44,11.17,15.72,18.45,21.86,14.73,16.84,16.49,16.81,35.64
97,14.90,14.49,14.20,11.55,6.64,4.60,4.53,5.72,13.53,2.55,12.97,6.56,1.05,1.58,2.42,5.08,2.88,2.98,4.39,1.26,9.16,4.55,2.93,3.81,1.73,5.25,7.74,4.37,2.88,2.29,6.40,2.88,4.17,5.47,4.16,16.56,6.83,5.97,6.15,6.93,4.03,5.98,4.79,5.90,8.22,7.50,8.34,5.54,7.72,7.32,7.65,6.81,9.26,8.56,11.34,9.81,11.18,10.75,9.11,10.08,12.17,11.44,17.95,14.45,9.21,9.99,12.40,10.12,13.47,10.26,12.68,14.34,14.76,13.84,17.02,15.42,19.34,13.55,22.81,18.22,22.84,16.81,18.09,29.93,18.10,19.22,16.76,10.40,9.07,4.48,6.11,10.29,4.50,9.59,7.28,5.67,0.00,1.17,8.36,1.14,2.11,3.07,15.85,4.33,5.98,5.87,6.27,13.35,6.70,9.01,9.74,7.66,13.10,7.69,8.96,22.54,10.84,10.06,8.04,11.00,13.42,17.94,21.40,24.81,15.37,12.37,18.71,12.34,30.77
98,14.81,14.41,14.11,11.46,6.55,5.33,4.44,6.45,12.61,3.98,12.01,6.84,2.11,2.31,2.46,5.24,3.61,2.36,5.12,1.34,8.20,3.59,1.97,2.85,1.81,4.29,6.78,3.41,2.77,2.19,5.44,2.48,4.31,4.51,4.30,15.60,5.87,5.01,5.19,5.97,3.95,6.12,4.71,4.94,7.26,6.55,7.39,5.46,6.76,6.37,7.79,6.74,8.30,7.60,10.38,8.86,10.22,9.79,9.03,9.12,11.62,10.49,16.99,13.49,9.14,9.92,11.45,10.04,12.52,10.18,12.60,13.38,13.80,13.76,16.07,14.46,18.38,14.55,21.86,17.27,21.89,16.73,18.02,29.85,18.02,19.13,16.68,10.32,8.98,5.22,6.03,9.33,4.41,9.98,8.01,6.06,1.17,0.00,7.40,1.33,2.19,2.99,14.89,4.25,6.12,5.93,5.31,12.39,5.74,8.05,8.79,6.70,12.14,6.73,8.00,21.59,9.88,9.10,7.96,10.04,12.46,16.99,20.45,23.86,14.42,12.29,17.75,12.26,30.70
99,9.17,8.76,8.47,5.82,10.03,12.64,7.33,13.76,6.53,11.28,5.39,3.95,9.41,9.61,5.31,2.47,10.91,5.51,12.42,8.41,1.58,4.93,5.81,4.93,7.99,2.88,1.53,4.58,9.34,8.76,2.04,7.44,10.87,3.21,10.86,10.03,3.38,3.43,3.38,3.76,7.77,12.16,8.55,6.11,5.81,5.65,5.57,9.45,6.69,8.37,11.94,10.30,7.41,7.92,7.91,7.04,7.75,7.98,12.60,8.23,15.19,8.73,12.71,11.02,12.70,13.48,10.55,14.59,11.62,13.75,13.46,12.49,12.90,17.32,13.59,11.99,15.37,13.65,17.57,14.79,19.41,16.42,17.70,33.41,13.19,14.31,11.03,5.89,9.12,12.52,4.52,2.38,3.99,3.96,15.32,3.40,8.48,7.50,0.00,8.45,8.49,8.47,9.31,7.13,12.19,11.39,6.85,6.51,7.74,6.23,5.99,8.70,8.36,7.81,7.10,16.01,8.06,9.29,11.52,8.23,9.96,13.25,16.16,19.57,13.52,15.63,14.86,15.59,34.26
100,15.79,15.38,15.09,12.43,7.53,5.04,5.42,6.17,14.42,3.69,13.19,7.44,2.16,2.02,3.31,6.43,2.93,3.54,4.44,0.37,9.38,4.78,3.15,4.03,0.92,5.47,7.96,4.59,1.74,1.16,6.62,2.07,3.27,5.69,3.27,16.79,7.05,6.19,6.38,7.15,2.89,5.09,3.65,4.48,6.36,7.78,8.57,4.40,5.86,5.47,6.76,5.68,8.24,6.71,11.57,9.59,11.40,9.44,7.97,9.07,11.28,10.43,18.18,15.00,8.08,8.86,11.39,8.98,12.46,9.13,11.54,13.33,13.74,12.70,17.58,15.65,19.89,12.41,23.04,18.78,23.07,15.68,16.96,28.79,18.99,20.11,17.65,11.29,9.95,4.93,7.00,10.51,5.39,10.48,7.73,6.56,1.23,1.34,8.58,0.00,1.30,1.93,16.07,3.19,5.09,4.87,4.42,13.57,4.84,8.55,9.97,5.81,13.32,5.84,7.94,22.77,10.97,8.21,6.90,10.83,12.41,18.50,21.63,25.04,12.38,11.23,19.26,11.20,29.64
101,16.25,15.84,15.55,12.90,7.88,6.28,5.77,7.40,13.56,4.92,12.96,7.79,3.05,3.25,3.42,6.20,4.55,3.31,6.54,1.27,9.15,4.55,2.92,3.80,0.51,5.24,7.73,4.36,2.19,1.61,6.39,1.65,3.73,5.46,3.72,16.56,6.82,5.96,6.15,6.92,3.13,5.54,3.89,4.72,6.60,7.50,8.34,4.64,6.10,5.71,7.21,5.91,8.48,6.94,11.34,9.81,11.17,9.68,8.21,9.31,11.73,10.67,17.95,14.45,8.32,9.10,11.63,9.22,12.70,9.36,11.78,13.57,13.98,12.94,17.02,15.42,19.34,12.65,22.81,18.22,22.84,15.91,17.20,29.03,19.45,20.57,18.11,11.75,10.41,6.16,7.36,10.28,5.85,10.93,8.96,7.01,2.12,2.13,8.35,1.30,0.00,2.17,15.84,3.43,5.54,5.11,4.66,13.34,5.08,8.79,9.74,6.04,13.09,6.07,8.18,22.54,10.83,8.44,7.14,11.06,12.65,17.94,21.40,24.81,12.62,11.47,18.71,11.44,29.88
102,16.28,15.87,15.58,12.93,7.91,6.98,5.80,8.10,13.59,5.62,12.99,7.82,4.20,3.95,3.45,6.23,4.86,3.34,6.76,2.41,9.18,4.58,2.95,3.83,1.53,5.27,7.76,4.39,2.42,0.80,6.42,1.68,3.95,5.49,3.13,16.59,6.85,5.99,6.18,6.95,1.48,3.70,1.72,3.07,4.95,6.37,8.37,2.47,4.45,4.06,5.38,3.75,6.83,5.29,10.95,8.18,9.80,8.03,6.04,7.66,8.63,9.02,17.98,13.59,6.15,6.93,9.98,7.05,11.05,7.19,9.61,11.92,12.33,10.77,16.17,14.59,18.48,10.48,22.16,17.37,22.01,13.74,15.03,26.86,19.48,20.60,18.14,11.78,10.44,6.86,7.39,10.31,5.88,10.96,9.66,7.04,3.26,2.96,8.38,1.93,2.03,0.00,15.87,1.78,3.72,2.94,3.01,13.37,3.43,7.14,9.77,3.12,13.12,4.42,6.53,22.57,9.55,6.80,4.97,9.42,11.00,17.08,20.75,24.16,10.45,9.30,17.85,9.27,27.71
103,14.76,14.35,14.06,11.41,18.75,21.09,18.46,22.21,9.42,19.74,10.03,13.12,17.87,18.07,14.52,11.81,19.37,13.96,20.88,16.87,10.68,13.39,14.26,13.39,16.44,11.34,8.89,13.04,17.79,17.21,10.50,15.89,19.33,11.67,19.32,1.17,11.22,11.46,11.42,10.98,16.22,20.62,17.01,14.56,14.55,12.83,11.55,17.91,14.08,17.01,19.78,18.14,11.79,15.04,9.36,11.36,10.29,12.04,20.29,13.70,23.03,12.80,6.06,13.56,20.00,21.18,14.64,19.18,16.20,19.98,18.05,17.07,17.49,25.02,11.14,14.53,9.86,18.24,12.06,10.99,13.68,21.00,22.28,41.11,21.40,17.51,14.93,15.16,18.38,20.98,13.51,13.15,13.02,12.44,23.77,12.34,16.93,15.95,10.85,16.90,16.95,16.92,0.00,15.58,20.64,19.85,15.31,5.76,16.20,12.21,9.07,16.54,7.04,14.94,12.08,6.51,10.91,14.77,19.22,12.29,13.20,7.74,10.65,14.06,18.11,20.21,9.35,20.18,41.96
104,16.39,15.99,15.69,13.04,9.54,8.25,7.43,9.38,13.25,6.90,11.93,8.73,5.47,5.23,4.37,7.14,6.14,4.27,8.04,3.69,8.12,5.49,3.87,4.75,2.80,6.19,6.70,5.31,3.69,2.08,5.36,2.22,5.23,4.47,3.47,16.16,5.79,4.93,5.12,5.89,0.98,4.03,1.34,1.28,3.17,4.58,6.78,1.94,2.67,2.28,5.84,4.20,5.05,3.51,9.17,6.40,8.02,6.24,6.50,5.87,9.09,7.23,16.18,11.81,6.60,7.38,8.19,7.51,9.27,7.65,10.07,10.13,10.55,11.23,14.38,12.80,16.70,11.30,20.37,15.58,20.23,14.20,15.49,27.32,20.41,21.52,18.25,12.71,11.37,8.14,8.60,9.61,6.81,11.35,10.94,7.96,4.54,4.60,7.68,3.21,3.31,1.73,15.45,0.00,4.06,3.06,1.22,11.57,1.65,5.36,8.00,2.61,11.33,2.64,4.75,22.15,7.77,5.01,5.43,7.63,9.21,15.30,18.96,22.37,11.17,9.76,16.07,9.73,28.16
105,19.42,19.02,18.73,16.07,11.06,7.09,8.95,7.20,16.73,5.73,14.74,10.96,6.97,5.48,6.59,9.37,4.63,6.49,5.05,5.58,10.93,7.72,6.10,6.98,4.67,8.42,9.51,7.54,3.33,3.95,8.17,4.83,2.24,7.28,1.86,19.34,8.60,7.74,7.92,8.70,3.15,0.02,2.46,4.46,6.35,7.76,9.95,2.57,5.85,5.09,2.06,3.16,8.23,6.69,12.34,9.57,11.20,9.42,4.34,9.05,6.63,10.41,19.35,14.99,6.15,6.93,11.37,7.05,11.37,7.19,9.61,13.31,11.48,9.92,17.56,15.98,19.88,10.48,23.55,18.76,23.41,13.74,15.03,26.86,22.63,23.74,21.29,14.93,13.59,6.97,10.53,12.41,9.02,14.10,9.59,10.19,6.04,6.10,10.48,5.01,5.18,3.14,18.63,3.39,0.00,1.17,4.40,14.75,4.12,8.54,11.18,3.98,14.50,6.43,7.93,25.33,10.95,8.19,4.97,10.81,12.39,18.48,22.14,25.55,10.45,9.30,19.25,9.27,27.71
106,19.34,18.93,18.64,15.99,10.97,8.37,8.86,8.74,16.53,7.02,15.21,10.88,6.89,5.79,6.51,9.29,6.17,6.41,6.59,5.50,11.40,7.64,6.02,6.89,4.59,8.34,9.98,7.45,3.25,3.87,8.64,4.75,3.78,7.75,2.92,18.99,9.07,8.21,8.39,9.17,3.07,1.14,1.97,4.56,6.40,7.41,9.60,1.36,5.90,3.88,2.38,1.80,7.87,6.33,11.99,9.22,10.84,9.07,4.83,8.70,7.42,10.06,19.00,14.63,4.94,5.72,11.02,5.84,10.16,5.99,8.40,12.96,10.28,9.56,17.21,15.63,19.52,9.27,23.20,18.40,23.05,12.54,13.82,25.65,22.55,23.66,21.20,14.84,13.51,8.26,10.45,12.88,8.94,14.62,10.07,10.10,5.96,6.02,10.95,4.93,5.09,3.06,18.27,4.47,1.17,0.00,4.45,14.40,3.63,8.18,10.83,3.49,14.15,5.22,7.57,24.97,10.59,7.83,3.76,10.45,12.04,18.12,21.79,25.20,9.24,8.10,18.89,8.06,26.50
107,15.74,15.34,15.04,12.39,10.29,9.52,8.19,10.64,12.60,8.16,11.28,8.67,7.27,6.49,5.13,7.08,7.40,5.03,9.30,4.95,7.47,5.63,4.62,4.63,4.07,5.58,6.05,5.28,4.96,3.34,4.71,2.98,6.49,3.82,5.29,15.73,5.14,4.28,4.47,5.24,2.24,6.05,2.86,0.82,2.74,4.15,6.34,2.92,2.24,1.84,5.41,3.77,4.62,3.08,8.73,5.96,7.59,5.81,6.07,5.44,8.66,6.80,15.74,11.38,6.17,6.95,7.76,7.07,8.83,7.22,9.64,9.70,10.12,10.80,13.95,12.37,16.27,10.87,19.94,15.15,19.80,13.77,15.05,26.88,19.76,20.88,17.60,12.46,12.13,9.40,9.06,8.96,7.56,10.70,13.43,7.89,6.34,5.36,7.03,4.47,4.57,3.00,15.02,1.26,6.07,4.86,0.00,11.14,1.22,4.93,7.57,2.18,10.89,2.21,4.32,21.72,7.34,4.58,5.00,7.20,8.78,14.87,18.53,21.94,10.73,9.33,15.64,9.30,27.73
108,15.71,15.30,15.01,12.36,15.21,17.59,12.96,18.71,14.44,16.24,10.94,9.57,14.37,14.57,12.22,8.26,15.87,11.36,17.38,13.37,7.13,10.42,10.76,10.30,12.94,7.80,5.35,10.07,14.29,13.71,6.95,12.39,15.83,8.61,15.82,6.65,7.51,7.82,8.38,7.70,12.72,15.87,12.89,11.06,9.50,7.78,6.50,12.96,9.03,11.96,14.73,13.09,6.74,9.99,4.31,6.31,5.24,6.99,15.24,8.65,17.98,7.75,6.66,8.51,14.95,16.13,9.59,14.13,11.15,14.93,13.00,12.02,12.44,19.97,10.61,9.48,9.32,13.19,11.53,10.46,13.15,15.95,17.23,36.06,20.04,21.15,17.57,12.73,15.97,17.47,9.96,9.23,9.48,10.36,20.27,8.80,13.43,12.45,7.30,13.40,13.45,13.42,5.94,12.08,15.89,14.68,10.91,0.00,11.25,7.16,4.02,11.49,1.28,9.89,7.03,12.64,5.86,9.72,14.17,7.24,8.15,7.21,10.12,13.53,13.06,15.16,8.82,15.13,36.91
109,16.34,15.93,15.64,12.99,10.17,9.39,8.06,10.52,13.20,8.04,11.88,9.37,7.15,6.37,5.01,7.77,7.28,4.90,7.72,4.83,8.07,6.12,4.50,5.38,3.94,6.18,6.65,5.94,4.83,3.22,5.31,2.85,4.91,4.42,4.05,16.06,5.74,4.88,5.06,5.84,2.12,4.81,1.62,1.23,3.07,4.48,6.67,1.68,2.57,0.66,4.17,2.53,4.95,3.41,9.06,6.29,7.92,6.14,4.83,5.77,7.42,7.13,16.07,11.71,4.93,5.71,8.09,5.83,9.16,5.98,8.40,10.03,10.45,9.56,14.28,12.70,16.60,9.27,20.27,15.48,20.13,12.53,13.81,25.64,20.36,21.47,18.20,13.06,12.01,9.28,9.23,9.55,7.44,11.29,12.19,8.59,6.22,5.24,7.62,4.35,4.45,2.87,15.35,1.14,4.83,3.62,1.12,11.47,0.00,5.26,7.90,0.94,11.22,2.54,4.65,22.05,7.67,4.91,3.76,7.53,9.11,15.20,18.86,22.27,9.23,8.09,15.97,8.05,26.49
110,14.01,13.61,13.32,10.66,12.52,12.73,10.71,13.85,10.56,11.37,9.24,8.16,9.50,9.70,7.35,6.57,11.01,6.50,12.52,8.51,5.44,5.56,5.90,5.44,8.08,5.07,4.68,5.20,9.43,8.07,4.24,7.53,10.96,3.74,9.34,11.69,3.07,2.95,3.52,2.84,6.97,9.88,6.90,6.20,3.32,1.58,0.61,6.97,3.04,5.97,8.74,7.11,1.85,4.01,4.69,1.79,3.41,2.72,9.26,3.44,11.99,3.48,11.70,7.30,9.36,10.14,5.32,9.81,6.84,10.60,8.68,7.70,8.12,13.99,9.87,8.77,12.19,8.87,16.56,11.07,16.19,11.63,12.91,30.07,19.10,18.46,15.88,11.79,13.10,12.61,8.55,8.29,8.06,8.66,15.41,7.38,8.57,7.59,6.36,8.54,8.59,8.56,10.97,6.00,9.90,8.69,4.92,7.10,5.26,0.00,3.53,5.50,6.85,3.90,1.51,17.67,3.29,4.51,8.18,2.97,4.70,10.79,15.15,18.56,8.74,10.84,11.56,10.81,30.92
111,13.57,13.17,12.88,10.22,14.11,14.32,12.30,15.44,10.12,12.96,8.80,8.31,11.10,11.29,8.94,6.71,12.60,8.09,14.11,10.10,5.00,7.15,7.49,7.03,9.67,5.22,4.36,6.79,11.02,10.44,4.17,9.12,12.55,5.33,12.55,8.73,3.46,4.54,4.27,3.23,9.45,12.60,9.62,7.79,6.23,4.51,3.23,9.68,5.75,8.68,11.46,9.82,3.47,6.72,2.13,3.04,1.97,3.72,11.97,5.38,14.71,4.48,8.74,5.24,11.67,12.86,6.32,10.86,7.88,11.65,9.73,8.75,9.17,16.70,7.81,6.21,10.13,9.91,13.60,9.01,13.63,12.68,13.96,32.79,18.88,18.02,15.44,11.58,14.69,14.20,8.70,8.07,8.21,8.22,17.00,7.53,10.16,9.18,6.14,10.13,10.18,10.15,8.01,8.81,12.62,11.41,7.64,4.14,7.98,3.89,0.00,8.22,3.89,6.62,3.76,14.71,2.59,6.45,10.90,3.97,4.88,8.73,12.19,15.60,9.79,11.89,9.50,11.86,33.64
112,16.99,16.58,16.29,13.64,10.82,10.04,8.71,11.16,13.85,8.69,12.53,10.02,7.80,7.02,5.66,8.42,7.93,5.55,7.57,5.48,8.72,6.77,5.15,6.03,4.59,6.83,7.30,6.59,4.23,3.87,5.96,3.50,4.76,5.07,3.90,16.09,6.39,5.53,5.71,6.02,2.77,4.66,1.47,1.88,3.17,4.50,6.70,1.53,2.67,0.98,3.69,2.05,4.97,3.43,9.09,6.32,7.94,6.17,4.21,5.79,6.94,7.16,16.10,11.73,4.31,5.09,8.12,5.21,9.19,5.36,7.77,10.05,9.65,8.94,14.31,12.73,16.62,8.64,20.29,15.50,20.15,11.91,13.19,25.02,21.01,22.12,18.85,13.71,12.66,9.93,9.88,10.20,8.09,11.94,11.71,9.24,6.87,5.89,8.27,5.00,5.10,3.52,15.37,1.79,4.68,3.48,1.77,11.50,0.95,5.28,7.93,0.00,11.25,2.32,4.67,22.07,7.69,4.93,3.13,7.55,9.13,15.22,18.89,22.30,8.61,7.47,15.99,7.43,25.87
113,16.58,16.18,15.89,13.23,16.77,16.99,14.96,18.11,14.69,15.63,11.82,11.98,13.76,13.96,11.61,10.38,15.26,10.76,16.78,12.76,8.01,9.81,10.16,9.70,12.34,8.89,6.58,9.46,13.69,13.11,8.05,11.79,15.22,8.00,15.21,6.90,6.90,7.21,7.78,7.09,12.12,15.26,12.29,10.46,8.90,7.17,5.90,12.35,8.42,11.35,14.13,12.49,6.14,9.39,3.71,5.70,4.63,6.39,14.64,8.05,17.38,7.14,6.91,7.90,14.34,15.52,8.99,13.52,10.55,14.32,12.39,11.41,11.84,19.37,10.48,8.87,9.57,12.58,11.77,10.71,16.30,15.34,16.63,35.45,21.89,21.03,18.45,14.59,17.36,16.87,12.37,11.09,11.88,11.23,19.67,11.20,12.83,11.85,9.16,12.80,12.84,12.82,6.19,11.48,15.29,14.08,10.31,1.71,10.64,6.56,3.42,10.89,0.00,9.29,6.42,12.88,5.25,9.11,13.57,6.64,7.55,7.46,10.36,13.78,12.45,14.56,9.07,14.52,36.30
114,17.08,16.67,16.38,13.73,12.01,11.24,9.91,12.36,13.63,9.88,12.31,10.15,8.99,8.21,6.85,8.56,9.12,6.75,10.59,6.67,8.50,7.97,6.34,7.22,5.79,7.06,6.99,7.78,6.68,5.06,6.19,4.70,7.77,5.30,6.92,15.20,5.24,4.76,5.31,5.14,3.96,6.46,3.56,3.07,2.29,3.62,5.82,3.62,1.79,2.55,5.33,3.69,4.09,1.43,8.20,5.44,7.06,4.53,5.84,3.24,8.57,4.65,15.22,9.23,5.94,6.72,5.56,6.84,6.63,6.99,8.47,7.49,7.91,10.57,11.80,10.22,14.12,8.66,17.79,13.00,17.65,13.54,14.82,26.65,21.24,22.36,18.94,13.94,13.85,11.12,10.54,10.44,9.28,11.73,13.34,9.37,8.06,7.08,8.51,6.19,6.29,4.72,14.49,2.98,6.48,5.28,1.83,10.61,1.92,4.40,7.04,2.09,10.36,0.00,3.79,21.19,6.81,2.71,4.77,5.05,6.63,12.72,16.38,19.79,8.53,9.10,13.49,9.06,27.50
115,14.90,14.50,14.21,11.55,13.41,13.62,11.60,14.74,11.46,12.27,10.14,9.16,10.40,10.60,8.25,7.56,11.90,7.40,12.26,8.94,6.33,6.45,6.79,6.33,8.06,6.07,5.63,6.10,8.95,7.33,5.23,6.97,9.45,4.64,8.59,11.74,3.96,3.85,4.41,3.73,6.23,9.14,6.16,4.15,2.72,1.45,2.35,6.23,2.30,5.23,8.00,6.36,0.62,2.60,4.74,1.97,3.59,1.82,8.51,1.71,11.25,3.07,11.75,7.65,8.89,9.40,4.04,8.08,5.11,8.87,6.95,5.97,6.39,13.24,10.22,8.64,12.54,7.14,16.61,11.42,16.07,9.90,11.18,29.33,20.05,19.35,16.77,12.74,13.99,13.51,9.55,9.24,9.06,9.55,16.02,8.38,9.46,8.48,7.31,8.46,8.56,6.99,11.02,5.25,9.16,7.95,4.18,7.15,4.52,1.40,3.58,4.76,6.90,3.16,0.00,17.72,3.34,2.78,7.44,3.47,5.05,11.14,15.20,18.61,7.01,9.11,11.91,9.08,30.18
116,18.14,17.74,17.45,14.79,26.30,27.17,21.84,28.30,12.80,25.82,13.42,19.07,23.95,24.15,20.61,17.89,25.45,20.04,26.96,22.95,16.76,19.47,20.34,19.47,22.53,17.42,14.97,19.12,23.87,23.29,16.58,21.97,25.41,17.75,25.40,7.10,17.30,17.54,17.50,17.06,22.30,26.70,23.09,20.65,20.64,18.91,17.63,23.99,20.16,23.09,25.86,24.22,17.88,21.22,15.45,17.44,16.37,18.76,26.38,19.56,34.01,18.28,8.53,15.51,25.30,32.11,19.72,24.48,21.51,25.28,23.35,24.12,22.80,33.03,11.09,15.04,8.35,23.54,6.89,10.94,12.07,26.18,27.46,47.96,24.79,20.90,18.31,18.54,21.77,27.06,21.42,16.53,21.72,15.82,29.86,19.50,23.02,22.04,18.57,22.98,23.03,23.00,6.52,21.67,26.73,25.93,21.39,11.84,22.28,18.30,15.15,22.62,13.12,21.02,18.16,0.00,16.99,20.70,25.30,17.82,17.32,11.37,6.13,7.50,23.41,28.94,9.70,25.48,48.80
117,15.70,15.29,15.00,12.35,14.39,14.61,12.58,15.73,12.25,13.25,10.93,10.04,11.38,11.58,9.23,8.45,12.88,8.38,14.40,10.38,7.12,7.43,7.78,7.32,9.96,6.95,6.56,7.08,11.31,10.33,6.11,9.41,12.84,5.62,11.60,10.28,4.95,4.83,5.40,4.71,9.23,12.14,9.16,8.08,5.72,4.45,2.65,9.23,5.30,8.23,11.00,9.37,3.02,6.27,3.29,1.57,1.18,2.40,11.52,4.60,14.25,3.16,10.30,6.39,10.36,12.40,4.83,9.54,6.56,10.34,8.41,7.43,7.85,17.58,8.97,7.36,11.29,8.60,15.16,10.17,14.79,11.36,12.64,30.34,20.98,20.14,17.56,13.67,14.98,14.49,10.43,10.17,9.94,10.35,17.29,9.26,10.45,9.47,8.24,10.42,10.46,9.99,9.57,8.26,12.16,10.95,7.19,5.70,7.52,3.17,2.12,7.77,5.45,6.16,3.30,16.27,0.00,5.74,10.44,2.48,4.21,9.89,13.75,17.16,8.47,10.57,10.65,10.54,31.19
118,17.49,17.09,16.80,14.14,13.32,12.54,11.21,13.66,14.05,11.19,12.73,11.75,10.30,9.52,8.15,10.15,10.42,8.05,11.29,7.98,8.92,9.27,7.65,8.53,7.09,8.66,8.22,9.09,7.98,6.37,7.58,6.00,8.48,6.69,7.63,14.53,6.55,6.44,7.00,6.32,5.26,8.17,5.20,4.38,3.59,4.04,4.80,5.26,2.92,4.26,7.04,5.40,3.07,1.97,6.76,3.89,6.07,2.88,7.55,1.64,10.29,3.00,13.22,7.57,7.65,8.43,3.96,8.00,5.03,8.80,6.87,5.90,6.31,12.28,10.15,8.57,12.46,7.06,16.14,11.35,15.99,9.82,11.11,28.36,22.64,21.94,19.36,15.33,15.15,12.42,12.14,11.83,10.59,12.14,15.05,10.97,9.37,8.39,9.90,7.50,7.60,6.02,13.82,4.29,8.20,6.99,3.22,9.94,3.55,4.81,6.37,3.80,9.69,1.95,2.54,20.70,5.23,0.00,6.48,3.40,4.98,11.07,14.73,18.14,6.93,9.04,11.83,9.00,29.21
119,20.30,19.89,19.60,16.95,14.13,11.34,12.02,11.70,17.16,9.99,15.84,13.33,9.66,8.76,8.97,11.74,9.14,8.87,9.55,7.87,12.03,10.09,8.46,9.34,6.99,10.14,10.61,9.90,6.21,6.27,9.27,6.82,6.74,8.38,5.89,19.30,9.70,8.84,9.03,9.23,6.08,5.43,4.08,5.19,6.38,7.71,9.91,3.40,5.88,4.19,4.29,2.66,8.18,6.64,12.30,9.53,11.15,10.15,1.08,9.80,6.77,9.67,19.31,14.31,2.07,1.96,8.57,2.98,6.40,2.22,4.63,9.09,6.51,5.81,16.88,15.30,19.20,5.51,22.87,18.08,21.63,8.78,10.07,21.90,24.32,25.44,22.16,17.02,15.97,11.22,13.19,13.51,11.40,15.26,12.31,12.55,8.73,9.20,11.58,7.40,7.50,5.46,18.58,5.10,5.45,4.24,5.08,14.71,4.26,8.49,11.14,3.63,14.46,5.53,7.88,25.28,10.90,8.14,0.00,10.21,11.71,17.80,21.46,24.87,5.47,4.33,18.57,4.29,22.74
120,16.07,15.67,15.37,12.72,14.58,14.79,12.77,15.91,12.62,13.43,11.30,10.22,11.56,11.76,9.41,8.63,13.06,8.56,14.58,10.57,7.50,7.62,7.96,7.50,10.21,7.13,6.74,7.26,11.10,9.48,6.30,9.12,11.60,5.80,10.75,11.96,5.13,5.01,5.58,4.90,8.38,11.29,8.31,7.50,5.69,4.27,2.84,8.38,5.19,7.38,10.15,8.52,2.11,3.85,3.76,1.31,2.16,1.39,10.67,2.18,13.40,0.91,10.22,4.57,7.93,10.95,2.35,7.11,3.91,7.91,5.98,4.78,5.42,15.15,7.14,5.56,9.46,5.95,13.13,8.34,12.99,8.71,9.99,27.91,21.16,20.52,17.94,13.85,15.16,14.67,10.61,10.35,10.12,10.72,18.17,9.44,10.63,9.65,8.42,10.61,10.71,9.14,11.24,7.41,11.31,10.10,6.34,7.37,6.67,2.99,3.80,6.92,7.12,5.07,3.12,17.70,2.48,3.32,9.59,0.00,1.97,8.06,11.72,15.13,6.04,8.14,8.83,8.11,28.76
121,17.38,16.97,16.68,14.03,16.31,16.52,14.49,17.64,13.93,15.16,12.61,11.95,13.29,13.49,11.14,10.36,14.79,10.29,15.95,12.63,8.80,9.34,9.69,9.23,11.74,8.86,8.17,8.99,12.63,11.02,8.03,10.65,13.14,7.53,12.28,11.96,6.86,6.74,7.31,6.62,9.92,12.82,9.85,9.03,7.23,5.86,4.56,9.91,6.72,8.91,11.69,10.05,4.25,5.38,3.27,3.04,2.57,2.92,12.20,3.71,14.94,2.44,9.73,4.08,9.46,12.48,3.88,8.64,5.67,9.44,7.51,6.53,6.95,16.68,6.65,5.07,8.97,7.70,12.64,7.85,12.50,10.46,11.75,29.44,22.69,21.82,19.24,15.38,16.89,16.40,12.34,11.88,11.85,12.03,19.70,11.17,12.36,11.38,9.95,12.15,12.25,10.67,11.25,8.94,12.85,11.64,7.87,7.38,8.20,4.71,3.81,8.45,7.13,6.60,4.71,17.21,3.50,4.85,11.13,1.98,0.00,7.57,11.23,14.64,7.57,9.68,8.34,9.64,30.29
122,20.97,20.57,20.28,17.62,22.50,22.71,20.69,23.83,15.63,21.36,16.25,16.34,19.49,19.69,17.34,15.03,20.99,16.49,22.09,18.77,13.73,15.54,15.88,15.42,17.88,14.61,12.12,15.19,18.78,17.16,13.78,16.80,19.28,13.73,18.42,7.84,12.63,12.94,13.50,12.82,16.06,18.97,15.99,15.17,13.37,12.00,10.71,16.05,12.87,15.05,17.83,16.19,10.39,11.53,9.41,9.18,8.71,9.06,18.34,9.86,21.08,8.59,2.54,5.81,15.60,18.63,10.03,14.79,11.81,15.58,13.65,12.68,13.10,22.83,2.79,5.35,4.35,13.84,6.73,4.01,6.69,16.60,17.89,35.58,27.62,23.73,21.14,19.50,23.08,22.59,16.73,16.00,16.25,16.96,25.85,15.57,18.55,17.57,14.07,18.29,18.39,16.82,7.13,15.08,18.99,17.78,14.01,7.95,14.35,10.86,9.14,14.59,7.11,12.74,10.85,11.29,9.64,11.00,17.27,8.12,7.62,0.00,5.32,8.73,13.71,15.82,3.87,15.78,36.43
123,22.71,22.31,22.02,19.36,25.52,25.73,23.70,26.85,17.37,24.37,17.99,19.36,22.50,22.70,20.35,18.05,24.00,19.50,25.52,21.50,16.75,18.55,18.90,18.44,21.08,17.63,15.13,18.20,22.43,20.87,16.79,20.53,23.96,16.74,22.13,10.86,15.65,15.95,16.52,15.83,19.77,22.67,19.70,19.20,17.08,15.91,14.64,19.76,16.57,18.76,21.54,19.90,14.10,15.23,12.45,12.89,12.42,12.77,22.05,13.56,27.53,12.29,4.79,9.52,19.31,22.33,13.73,18.49,15.52,19.29,17.36,17.64,16.80,26.56,5.09,9.05,2.36,17.55,1.41,4.95,7.46,19.70,20.99,41.48,29.36,25.46,22.88,23.11,26.34,25.61,19.75,19.02,19.26,20.39,28.41,18.58,21.57,20.59,17.09,21.54,21.58,20.52,10.15,18.79,22.70,21.49,17.72,10.96,18.05,15.30,12.16,18.30,10.13,16.45,15.17,6.15,13.35,14.70,20.98,11.83,11.33,5.38,0.00,3.50,17.42,19.53,3.70,19.49,42.33
124,24.30,23.89,23.60,20.95,28.94,29.15,27.13,30.27,18.96,27.80,19.57,22.78,25.93,26.13,23.77,21.47,27.43,22.92,28.94,24.93,20.17,21.98,22.32,21.86,24.50,21.05,18.55,21.63,25.85,24.29,20.22,23.95,27.39,20.16,25.55,14.28,19.07,19.38,19.94,19.26,23.19,26.10,23.12,22.62,20.50,19.34,18.06,23.18,20.00,22.18,24.96,23.32,17.52,18.66,15.87,16.31,15.84,16.20,28.55,16.99,29.33,15.72,8.21,12.94,22.73,27.43,17.16,21.92,18.94,22.71,20.78,19.44,21.69,28.35,8.52,14.21,5.78,20.95,3.18,8.37,7.39,21.50,22.79,43.28,30.94,27.05,24.47,24.70,27.92,29.03,23.17,22.69,22.68,21.98,36.29,22.00,24.99,24.01,20.51,24.96,25.01,23.95,12.67,22.21,26.12,24.91,21.14,14.39,21.48,18.72,15.58,21.72,13.55,19.87,18.59,7.50,16.77,18.13,24.40,15.25,14.75,8.80,3.51,0.00,22.20,24.27,7.13,24.87,44.13
125,21.86,21.45,21.16,18.50,19.63,16.34,17.52,20.16,18.41,14.99,17.09,16.01,16.61,13.76,14.47,14.41,14.14,14.37,16.52,12.88,13.28,13.40,13.75,13.29,11.99,12.92,12.53,13.05,11.21,11.27,12.08,12.32,11.75,11.59,10.89,17.74,10.91,10.80,11.36,10.68,11.58,10.43,9.09,10.69,8.89,8.70,8.62,8.40,8.39,9.19,9.30,7.66,7.41,7.05,9.43,7.10,8.74,6.09,6.08,5.73,10.88,5.61,15.89,10.24,4.44,6.30,4.51,3.62,2.33,3.25,1.11,4.09,1.84,9.90,12.82,11.24,15.13,0.84,18.81,12.30,14.32,3.07,4.35,24.83,26.95,26.30,23.72,19.64,20.94,16.23,16.40,16.14,15.91,16.51,17.84,15.23,15.68,14.70,14.21,12.40,12.50,10.46,17.03,10.60,10.46,9.25,9.53,13.15,9.87,8.77,9.58,8.63,12.90,8.26,7.21,23.37,8.44,6.52,6.39,6.15,7.65,13.74,17.40,21.86,0.00,3.49,14.50,3.46,25.68
126,23.55,23.14,22.85,20.19,17.57,14.78,15.46,17.90,20.10,13.42,18.78,16.76,13.09,12.19,12.40,15.17,12.57,12.30,14.26,11.31,14.97,13.52,11.90,12.78,10.42,13.58,14.22,13.34,9.65,9.70,12.71,10.25,10.18,11.81,9.32,19.43,12.60,12.49,12.46,12.37,9.51,8.87,7.52,8.63,9.82,10.39,10.31,6.83,9.32,7.62,7.73,6.09,9.10,8.73,11.12,8.79,10.43,7.78,4.52,7.42,8.62,7.30,17.58,11.93,3.60,4.73,6.20,2.78,4.02,1.69,2.25,6.71,5.04,7.64,14.51,12.93,16.82,3.12,20.50,14.56,16.59,3.74,5.02,20.40,27.76,27.99,25.41,20.45,19.40,14.66,16.63,16.95,14.84,18.19,15.58,15.99,12.16,12.63,15.02,10.83,10.93,8.90,18.72,8.54,8.89,7.68,8.52,14.84,7.70,10.46,11.27,7.07,14.59,8.96,8.90,25.06,10.13,8.21,5.07,7.84,9.34,15.43,19.09,24.13,3.09,0.00,16.19,0.60,21.25
127,23.47,23.07,22.78,20.12,22.85,23.06,21.04,24.19,18.13,21.71,18.75,18.50,19.84,20.04,17.69,16.90,21.34,16.84,22.49,19.17,15.35,15.89,16.23,15.78,18.29,15.41,13.80,15.54,19.18,17.56,14.57,17.20,19.68,14.08,18.83,9.53,13.40,13.29,13.85,13.17,16.46,19.37,16.39,15.58,13.77,12.41,11.11,16.46,13.27,15.46,18.23,16.60,10.79,11.93,9.81,9.59,9.12,9.47,18.75,10.26,22.95,8.99,3.46,6.21,16.01,19.03,10.43,15.19,12.21,15.99,14.06,13.08,13.50,21.97,1.79,5.75,1.16,14.25,4.84,1.64,4.33,15.11,16.40,36.89,30.12,26.23,23.64,21.93,23.43,22.95,18.89,18.43,18.40,18.57,26.25,17.72,18.91,17.93,16.50,18.69,18.79,17.22,8.82,15.49,19.39,18.18,14.42,9.64,14.75,11.26,10.35,15.00,8.80,13.15,11.25,9.40,10.04,11.40,17.67,8.53,8.03,3.36,3.43,6.84,14.12,16.22,0.00,16.19,37.74
128,25.69,25.29,25.00,22.34,20.61,20.31,18.50,17.61,22.25,16.46,20.93,19.81,16.14,15.24,15.45,18.21,15.61,15.34,13.98,14.35,17.12,16.56,14.94,15.82,13.47,16.62,17.09,16.38,12.69,12.74,15.75,13.29,13.22,14.86,12.37,21.28,14.45,15.32,15.50,14.22,12.56,11.91,10.56,11.67,12.86,12.24,12.16,9.87,12.36,10.66,10.65,9.13,10.95,10.58,12.71,10.63,12.02,9.62,7.56,9.26,8.34,9.14,18.52,13.52,6.87,6.44,7.06,6.06,6.03,4.96,4.81,7.09,4.42,7.36,14.91,12.26,16.18,3.58,21.79,13.96,15.99,3.14,4.42,22.29,30.80,31.91,27.56,23.50,22.45,19.96,19.67,19.99,17.88,20.34,15.29,19.03,15.21,15.68,18.06,13.87,13.97,11.94,20.56,11.58,11.93,10.72,11.56,16.69,10.74,12.31,13.12,10.11,16.44,12.01,10.74,27.34,11.97,10.05,8.11,9.34,10.93,17.01,21.08,23.52,3.70,3.27,15.55,0.00,23.13
129,42.09,41.68,41.39,38.74,35.92,35.64,33.81,32.94,38.95,31.78,37.63,35.12,31.45,30.55,30.76,33.53,30.93,30.66,29.30,29.67,33.82,31.88,30.25,31.13,28.78,31.93,32.40,31.69,28.00,28.06,31.06,28.61,28.53,30.17,27.68,40.98,31.49,30.63,30.82,31.03,27.87,27.22,25.87,26.98,28.17,29.50,31.86,25.19,27.67,25.98,26.08,24.45,29.97,28.43,32.67,30.34,31.98,29.32,22.87,28.97,23.66,28.84,39.13,33.48,24.60,21.75,27.74,24.33,25.57,23.24,23.79,28.65,25.98,17.91,36.06,33.83,38.37,25.15,43.36,35.53,37.56,24.71,20.55,0.89,46.11,47.23,43.95,38.81,37.76,35.28,34.98,35.30,33.19,37.05,30.62,34.34,30.52,30.99,33.37,29.19,29.29,27.25,40.27,26.89,27.24,26.04,26.87,36.39,26.05,30.28,32.82,25.42,36.14,27.32,29.67,48.91,31.68,29.75,23.42,29.39,30.89,36.97,42.64,45.09,25.27,21.55,37.74,22.15,0.00
